Day,Variant,cat,Index,t,f
20230929,WT,expressing,20230929.WT,0,1
20230929,WT,expressing,20230929.WT,1,1
20230929,WT,expressing,20230929.WT,2,1
20230929,WT,expressing,20230929.WT,3,1
20230929,WT,expressing,20230929.WT,4,1
20230929,WT,expressing,20230929.WT,5,1
20230929,WT,expressing,20230929.WT,6,1
20230929,WT,expressing,20230929.WT,7,1
20230929,WT,expressing,20230929.WT,8,1
20230929,WT,expressing,20230929.WT,9,1
20230929,WT,expressing,20230929.WT,10,1
20230929,WT,expressing,20230929.WT,11,1
20230929,WT,expressing,20230929.WT,12,1
20230929,WT,expressing,20230929.WT,13,1
20230929,WT,expressing,20230929.WT,14,1
20230929,WT,expressing,20230929.WT,15,1
20230929,WT,expressing,20230929.WT,16,1
20230929,WT,expressing,20230929.WT,17,1
20230929,WT,expressing,20230929.WT,18,0.9565217391304348
20230929,WT,expressing,20230929.WT,19,0.9130434782608696
20230929,WT,expressing,20230929.WT,20,0.9130434782608696
20230929,WT,expressing,20230929.WT,21,0.8260869565217391
20230929,WT,expressing,20230929.WT,22,0.8260869565217391
20230929,WT,expressing,20230929.WT,23,0.8260869565217391
20230929,WT,expressing,20230929.WT,24,0.8260869565217391
20230929,WT,expressing,20230929.WT,25,0.8260869565217391
20230929,WT,expressing,20230929.WT,26,0.782608695652174
20230929,WT,expressing,20230929.WT,27,0.782608695652174
20230929,WT,expressing,20230929.WT,28,0.7391304347826086
20230929,WT,expressing,20230929.WT,29,0.7391304347826086
20230929,WT,expressing,20230929.WT,30,0.6956521739130435
20230929,WT,expressing,20230929.WT,31,0.6956521739130435
20230929,WT,expressing,20230929.WT,32,0.6956521739130435
20230929,WT,expressing,20230929.WT,33,0.6956521739130435
20230929,WT,expressing,20230929.WT,34,0.6521739130434783
20230929,WT,expressing,20230929.WT,35,0.6521739130434783
20230929,WT,expressing,20230929.WT,36,0.6521739130434783
20230929,WT,expressing,20230929.WT,37,0.6521739130434783
20230929,WT,expressing,20230929.WT,38,0.6521739130434783
20230929,WT,expressing,20230929.WT,39,0.6521739130434783
20230929,WT,expressing,20230929.WT,40,0.6521739130434783
20230929,WT,expressing,20230929.WT,41,0.6521739130434783
20230929,WT,expressing,20230929.WT,42,0.6521739130434783
20230929,WT,expressing,20230929.WT,43,0.6521739130434783
20230929,WT,expressing,20230929.WT,44,0.6521739130434783
20230929,WT,expressing,20230929.WT,45,0.6521739130434783
20230929,WT,expressing,20230929.WT,46,0.6521739130434783
20230929,WT,expressing,20230929.WT,47,0.6521739130434783
20230929,WT,expressing,20230929.WT,48,0.6521739130434783
20230929,WT,expressing,20230929.WT,49,0.6521739130434783
20230929,WT,expressing,20230929.WT,50,0.6521739130434783
20230929,WT,expressing,20230929.WT,51,0.6521739130434783
20230929,WT,expressing,20230929.WT,52,0.6521739130434783
20230929,WT,expressing,20230929.WT,53,0.6521739130434783
20230929,WT,expressing,20230929.WT,54,0.6521739130434783
20230929,WT,expressing,20230929.WT,55,0.6521739130434783
20230929,WT,expressing,20230929.WT,56,0.6521739130434783
20230929,WT,expressing,20230929.WT,57,0.6086956521739131
20230929,WT,expressing,20230929.WT,58,0.6086956521739131
20230929,WT,expressing,20230929.WT,59,0.6086956521739131
20230929,WT,expressing,20230929.WT,60,0.6086956521739131
20230929,WT,expressing,20230929.WT,61,0.6086956521739131
20230929,WT,expressing,20230929.WT,62,0.6086956521739131
20230929,WT,expressing,20230929.WT,63,0.6086956521739131
20230929,WT,expressing,20230929.WT,64,0.6086956521739131
20230929,WT,expressing,20230929.WT,65,0.6086956521739131
20230929,WT,expressing,20230929.WT,66,0.6086956521739131
20230929,WT,expressing,20230929.WT,67,0.6086956521739131
20230929,WT,expressing,20230929.WT,68,0.6086956521739131
20230929,WT,expressing,20230929.WT,69,0.6086956521739131
20230929,WT,expressing,20230929.WT,70,0.6086956521739131
20230929,WT,expressing,20230929.WT,71,0.5652173913043479
20230929,WT,expressing,20230929.WT,72,0.5652173913043479
20230929,WT,expressing,20230929.WT,73,0.5652173913043479
20230929,WT,expressing,20230929.WT,74,0.5217391304347826
20230929,WT,expressing,20230929.WT,75,0.5217391304347826
20230929,WT,expressing,20230929.WT,76,0.4782608695652174
20230929,WT,expressing,20230929.WT,77,0.4782608695652174
20230929,WT,expressing,20230929.WT,78,0.4782608695652174
20230929,WT,expressing,20230929.WT,79,0.4782608695652174
20230929,WT,expressing,20230929.WT,80,0.4782608695652174
20230929,WT,expressing,20230929.WT,81,0.4782608695652174
20230929,WT,expressing,20230929.WT,82,0.4782608695652174
20230929,WT,expressing,20230929.WT,83,0.4347826086956522
20230929,WT,expressing,20230929.WT,84,0.4347826086956522
20230929,WT,expressing,20230929.WT,85,0.4347826086956522
20230929,WT,expressing,20230929.WT,86,0.4347826086956522
20230929,WT,expressing,20230929.WT,87,0.3913043478260869
20230929,WT,expressing,20230929.WT,88,0.3913043478260869
20230929,WT,expressing,20230929.WT,89,0.34782608695652173
20230929,WT,expressing,20230929.WT,90,0.34782608695652173
20230929,WT,expressing,20230929.WT,91,0.34782608695652173
20230929,WT,expressing,20230929.WT,92,0.34782608695652173
20230929,WT,expressing,20230929.WT,93,0.34782608695652173
20230929,WT,expressing,20230929.WT,94,0.34782608695652173
20230929,WT,expressing,20230929.WT,95,0.30434782608695654
20230929,WT,expressing,20230929.WT,96,0.26086956521739135
20230929,WT,expressing,20230929.WT,97,0.26086956521739135
20230929,WT,expressing,20230929.WT,98,0.21739130434782605
20230929,WT,expressing,20230929.WT,99,0.21739130434782605
20230929,WT,expressing,20230929.WT,100,0.17391304347826086
20230929,WT,expressing,20230929.WT,101,0.17391304347826086
20230929,WT,expressing,20230929.WT,102,0.17391304347826086
20230929,WT,expressing,20230929.WT,103,0.17391304347826086
20230929,WT,expressing,20230929.WT,104,0.17391304347826086
20230929,WT,expressing,20230929.WT,105,0.17391304347826086
20230929,WT,expressing,20230929.WT,106,0.17391304347826086
20230929,WT,expressing,20230929.WT,107,0.17391304347826086
20230929,WT,expressing,20230929.WT,108,0.17391304347826086
20230929,WT,expressing,20230929.WT,109,0.17391304347826086
20230929,WT,expressing,20230929.WT,110,0.17391304347826086
20230929,WT,expressing,20230929.WT,111,0.17391304347826086
20230929,WT,expressing,20230929.WT,112,0.17391304347826086
20230929,WT,expressing,20230929.WT,113,0.13043478260869568
20230929,WT,expressing,20230929.WT,114,0.13043478260869568
20230929,WT,expressing,20230929.WT,115,0.13043478260869568
20230929,WT,expressing,20230929.WT,116,0.13043478260869568
20230929,WT,expressing,20230929.WT,117,0.13043478260869568
20230929,WT,expressing,20230929.WT,118,0.13043478260869568
20230929,WT,nonexpressing,20230929.WT,0,1
20230929,WT,nonexpressing,20230929.WT,1,1
20230929,WT,nonexpressing,20230929.WT,2,1
20230929,WT,nonexpressing,20230929.WT,3,1
20230929,WT,nonexpressing,20230929.WT,4,1
20230929,WT,nonexpressing,20230929.WT,5,1
20230929,WT,nonexpressing,20230929.WT,6,1
20230929,WT,nonexpressing,20230929.WT,7,1
20230929,WT,nonexpressing,20230929.WT,8,1
20230929,WT,nonexpressing,20230929.WT,9,1
20230929,WT,nonexpressing,20230929.WT,10,1
20230929,WT,nonexpressing,20230929.WT,11,1
20230929,WT,nonexpressing,20230929.WT,12,1
20230929,WT,nonexpressing,20230929.WT,13,1
20230929,WT,nonexpressing,20230929.WT,14,1
20230929,WT,nonexpressing,20230929.WT,15,1
20230929,WT,nonexpressing,20230929.WT,16,1
20230929,WT,nonexpressing,20230929.WT,17,1
20230929,WT,nonexpressing,20230929.WT,18,1
20230929,WT,nonexpressing,20230929.WT,19,1
20230929,WT,nonexpressing,20230929.WT,20,1
20230929,WT,nonexpressing,20230929.WT,21,1
20230929,WT,nonexpressing,20230929.WT,22,1
20230929,WT,nonexpressing,20230929.WT,23,0.9871794871794872
20230929,WT,nonexpressing,20230929.WT,24,0.9871794871794872
20230929,WT,nonexpressing,20230929.WT,25,0.9871794871794872
20230929,WT,nonexpressing,20230929.WT,26,0.9871794871794872
20230929,WT,nonexpressing,20230929.WT,27,0.9871794871794872
20230929,WT,nonexpressing,20230929.WT,28,0.9871794871794872
20230929,WT,nonexpressing,20230929.WT,29,0.9871794871794872
20230929,WT,nonexpressing,20230929.WT,30,0.9871794871794872
20230929,WT,nonexpressing,20230929.WT,31,0.9615384615384616
20230929,WT,nonexpressing,20230929.WT,32,0.9615384615384616
20230929,WT,nonexpressing,20230929.WT,33,0.9615384615384616
20230929,WT,nonexpressing,20230929.WT,34,0.9615384615384616
20230929,WT,nonexpressing,20230929.WT,35,0.9615384615384616
20230929,WT,nonexpressing,20230929.WT,36,0.9615384615384616
20230929,WT,nonexpressing,20230929.WT,37,0.9487179487179487
20230929,WT,nonexpressing,20230929.WT,38,0.9358974358974359
20230929,WT,nonexpressing,20230929.WT,39,0.9358974358974359
20230929,WT,nonexpressing,20230929.WT,40,0.9230769230769231
20230929,WT,nonexpressing,20230929.WT,41,0.9230769230769231
20230929,WT,nonexpressing,20230929.WT,42,0.9230769230769231
20230929,WT,nonexpressing,20230929.WT,43,0.9230769230769231
20230929,WT,nonexpressing,20230929.WT,44,0.9102564102564102
20230929,WT,nonexpressing,20230929.WT,45,0.9102564102564102
20230929,WT,nonexpressing,20230929.WT,46,0.9102564102564102
20230929,WT,nonexpressing,20230929.WT,47,0.9102564102564102
20230929,WT,nonexpressing,20230929.WT,48,0.9102564102564102
20230929,WT,nonexpressing,20230929.WT,49,0.9102564102564102
20230929,WT,nonexpressing,20230929.WT,50,0.9102564102564102
20230929,WT,nonexpressing,20230929.WT,51,0.8974358974358975
20230929,WT,nonexpressing,20230929.WT,52,0.8974358974358975
20230929,WT,nonexpressing,20230929.WT,53,0.8846153846153846
20230929,WT,nonexpressing,20230929.WT,54,0.8846153846153846
20230929,WT,nonexpressing,20230929.WT,55,0.8846153846153846
20230929,WT,nonexpressing,20230929.WT,56,0.8846153846153846
20230929,WT,nonexpressing,20230929.WT,57,0.8717948717948718
20230929,WT,nonexpressing,20230929.WT,58,0.8717948717948718
20230929,WT,nonexpressing,20230929.WT,59,0.8461538461538461
20230929,WT,nonexpressing,20230929.WT,60,0.8461538461538461
20230929,WT,nonexpressing,20230929.WT,61,0.8333333333333334
20230929,WT,nonexpressing,20230929.WT,62,0.8333333333333334
20230929,WT,nonexpressing,20230929.WT,63,0.8205128205128205
20230929,WT,nonexpressing,20230929.WT,64,0.7948717948717949
20230929,WT,nonexpressing,20230929.WT,65,0.7948717948717949
20230929,WT,nonexpressing,20230929.WT,66,0.782051282051282
20230929,WT,nonexpressing,20230929.WT,67,0.7692307692307692
20230929,WT,nonexpressing,20230929.WT,68,0.7435897435897436
20230929,WT,nonexpressing,20230929.WT,69,0.717948717948718
20230929,WT,nonexpressing,20230929.WT,70,0.6923076923076923
20230929,WT,nonexpressing,20230929.WT,71,0.6923076923076923
20230929,WT,nonexpressing,20230929.WT,72,0.6923076923076923
20230929,WT,nonexpressing,20230929.WT,73,0.6794871794871795
20230929,WT,nonexpressing,20230929.WT,74,0.6794871794871795
20230929,WT,nonexpressing,20230929.WT,75,0.6666666666666667
20230929,WT,nonexpressing,20230929.WT,76,0.6666666666666667
20230929,WT,nonexpressing,20230929.WT,77,0.6666666666666667
20230929,WT,nonexpressing,20230929.WT,78,0.6666666666666667
20230929,WT,nonexpressing,20230929.WT,79,0.641025641025641
20230929,WT,nonexpressing,20230929.WT,80,0.6282051282051282
20230929,WT,nonexpressing,20230929.WT,81,0.6025641025641026
20230929,WT,nonexpressing,20230929.WT,82,0.6025641025641026
20230929,WT,nonexpressing,20230929.WT,83,0.5641025641025641
20230929,WT,nonexpressing,20230929.WT,84,0.5512820512820513
20230929,WT,nonexpressing,20230929.WT,85,0.5384615384615384
20230929,WT,nonexpressing,20230929.WT,86,0.5256410256410257
20230929,WT,nonexpressing,20230929.WT,87,0.5256410256410257
20230929,WT,nonexpressing,20230929.WT,88,0.5
20230929,WT,nonexpressing,20230929.WT,89,0.4871794871794872
20230929,WT,nonexpressing,20230929.WT,90,0.47435897435897434
20230929,WT,nonexpressing,20230929.WT,91,0.4358974358974359
20230929,WT,nonexpressing,20230929.WT,92,0.42307692307692313
20230929,WT,nonexpressing,20230929.WT,93,0.42307692307692313
20230929,WT,nonexpressing,20230929.WT,94,0.42307692307692313
20230929,WT,nonexpressing,20230929.WT,95,0.39743589743589747
20230929,WT,nonexpressing,20230929.WT,96,0.3717948717948718
20230929,WT,nonexpressing,20230929.WT,97,0.3589743589743589
20230929,WT,nonexpressing,20230929.WT,98,0.34615384615384615
20230929,WT,nonexpressing,20230929.WT,99,0.3205128205128205
20230929,WT,nonexpressing,20230929.WT,100,0.3076923076923077
20230929,WT,nonexpressing,20230929.WT,101,0.3076923076923077
20230929,WT,nonexpressing,20230929.WT,102,0.3076923076923077
20230929,WT,nonexpressing,20230929.WT,103,0.3076923076923077
20230929,WT,nonexpressing,20230929.WT,104,0.3076923076923077
20230929,WT,nonexpressing,20230929.WT,105,0.2948717948717948
20230929,WT,nonexpressing,20230929.WT,106,0.2948717948717948
20230929,WT,nonexpressing,20230929.WT,107,0.28205128205128205
20230929,WT,nonexpressing,20230929.WT,108,0.28205128205128205
20230929,WT,nonexpressing,20230929.WT,109,0.28205128205128205
20230929,WT,nonexpressing,20230929.WT,110,0.28205128205128205
20230929,WT,nonexpressing,20230929.WT,111,0.28205128205128205
20230929,WT,nonexpressing,20230929.WT,112,0.28205128205128205
20230929,WT,nonexpressing,20230929.WT,113,0.2564102564102564
20230929,WT,nonexpressing,20230929.WT,114,0.2435897435897436
20230929,WT,nonexpressing,20230929.WT,115,0.21794871794871795
20230929,WT,nonexpressing,20230929.WT,116,0.1923076923076923
20230929,WT,nonexpressing,20230929.WT,117,0.1923076923076923
20230929,WT,nonexpressing,20230929.WT,118,0.1923076923076923
20231004,WT,expressing,20231004.WT,0,1
20231004,WT,expressing,20231004.WT,1,1
20231004,WT,expressing,20231004.WT,2,1
20231004,WT,expressing,20231004.WT,3,1
20231004,WT,expressing,20231004.WT,4,1
20231004,WT,expressing,20231004.WT,5,1
20231004,WT,expressing,20231004.WT,6,1
20231004,WT,expressing,20231004.WT,7,1
20231004,WT,expressing,20231004.WT,8,1
20231004,WT,expressing,20231004.WT,9,1
20231004,WT,expressing,20231004.WT,10,1
20231004,WT,expressing,20231004.WT,11,0.9795918367346939
20231004,WT,expressing,20231004.WT,12,0.9795918367346939
20231004,WT,expressing,20231004.WT,13,0.9795918367346939
20231004,WT,expressing,20231004.WT,14,0.9591836734693877
20231004,WT,expressing,20231004.WT,15,0.9591836734693877
20231004,WT,expressing,20231004.WT,16,0.9591836734693877
20231004,WT,expressing,20231004.WT,17,0.9591836734693877
20231004,WT,expressing,20231004.WT,18,0.9591836734693877
20231004,WT,expressing,20231004.WT,19,0.9387755102040817
20231004,WT,expressing,20231004.WT,20,0.9387755102040817
20231004,WT,expressing,20231004.WT,21,0.9387755102040817
20231004,WT,expressing,20231004.WT,22,0.9183673469387755
20231004,WT,expressing,20231004.WT,23,0.9183673469387755
20231004,WT,expressing,20231004.WT,24,0.9183673469387755
20231004,WT,expressing,20231004.WT,25,0.9183673469387755
20231004,WT,expressing,20231004.WT,26,0.8979591836734694
20231004,WT,expressing,20231004.WT,27,0.8979591836734694
20231004,WT,expressing,20231004.WT,28,0.8979591836734694
20231004,WT,expressing,20231004.WT,29,0.8979591836734694
20231004,WT,expressing,20231004.WT,30,0.8979591836734694
20231004,WT,expressing,20231004.WT,31,0.8979591836734694
20231004,WT,expressing,20231004.WT,32,0.8775510204081632
20231004,WT,expressing,20231004.WT,33,0.8775510204081632
20231004,WT,expressing,20231004.WT,34,0.8775510204081632
20231004,WT,expressing,20231004.WT,35,0.8163265306122449
20231004,WT,expressing,20231004.WT,36,0.8163265306122449
20231004,WT,expressing,20231004.WT,37,0.8163265306122449
20231004,WT,expressing,20231004.WT,38,0.8163265306122449
20231004,WT,expressing,20231004.WT,39,0.8163265306122449
20231004,WT,expressing,20231004.WT,40,0.8163265306122449
20231004,WT,expressing,20231004.WT,41,0.8163265306122449
20231004,WT,expressing,20231004.WT,42,0.8163265306122449
20231004,WT,expressing,20231004.WT,43,0.8163265306122449
20231004,WT,expressing,20231004.WT,44,0.8163265306122449
20231004,WT,expressing,20231004.WT,45,0.8163265306122449
20231004,WT,expressing,20231004.WT,46,0.8163265306122449
20231004,WT,expressing,20231004.WT,47,0.8163265306122449
20231004,WT,expressing,20231004.WT,48,0.8163265306122449
20231004,WT,expressing,20231004.WT,49,0.8163265306122449
20231004,WT,expressing,20231004.WT,50,0.8163265306122449
20231004,WT,expressing,20231004.WT,51,0.8163265306122449
20231004,WT,expressing,20231004.WT,52,0.7959183673469388
20231004,WT,expressing,20231004.WT,53,0.7755102040816326
20231004,WT,expressing,20231004.WT,54,0.7551020408163265
20231004,WT,expressing,20231004.WT,55,0.7551020408163265
20231004,WT,expressing,20231004.WT,56,0.7551020408163265
20231004,WT,expressing,20231004.WT,57,0.7551020408163265
20231004,WT,expressing,20231004.WT,58,0.7551020408163265
20231004,WT,expressing,20231004.WT,59,0.7142857142857143
20231004,WT,expressing,20231004.WT,60,0.7142857142857143
20231004,WT,expressing,20231004.WT,61,0.6938775510204082
20231004,WT,expressing,20231004.WT,62,0.6938775510204082
20231004,WT,expressing,20231004.WT,63,0.6734693877551021
20231004,WT,expressing,20231004.WT,64,0.6734693877551021
20231004,WT,expressing,20231004.WT,65,0.6734693877551021
20231004,WT,expressing,20231004.WT,66,0.6734693877551021
20231004,WT,expressing,20231004.WT,67,0.653061224489796
20231004,WT,expressing,20231004.WT,68,0.6326530612244898
20231004,WT,expressing,20231004.WT,69,0.6326530612244898
20231004,WT,expressing,20231004.WT,70,0.6326530612244898
20231004,WT,expressing,20231004.WT,71,0.6326530612244898
20231004,WT,expressing,20231004.WT,72,0.6326530612244898
20231004,WT,expressing,20231004.WT,73,0.6326530612244898
20231004,WT,expressing,20231004.WT,74,0.6326530612244898
20231004,WT,expressing,20231004.WT,75,0.6326530612244898
20231004,WT,expressing,20231004.WT,76,0.6326530612244898
20231004,WT,expressing,20231004.WT,77,0.6326530612244898
20231004,WT,expressing,20231004.WT,78,0.5918367346938775
20231004,WT,expressing,20231004.WT,79,0.5918367346938775
20231004,WT,expressing,20231004.WT,80,0.5918367346938775
20231004,WT,expressing,20231004.WT,81,0.5714285714285714
20231004,WT,expressing,20231004.WT,82,0.5714285714285714
20231004,WT,expressing,20231004.WT,83,0.5714285714285714
20231004,WT,expressing,20231004.WT,84,0.5714285714285714
20231004,WT,expressing,20231004.WT,85,0.5714285714285714
20231004,WT,expressing,20231004.WT,86,0.5714285714285714
20231004,WT,expressing,20231004.WT,87,0.5714285714285714
20231004,WT,expressing,20231004.WT,88,0.5714285714285714
20231004,WT,expressing,20231004.WT,89,0.5306122448979591
20231004,WT,expressing,20231004.WT,90,0.5306122448979591
20231004,WT,expressing,20231004.WT,91,0.5306122448979591
20231004,WT,expressing,20231004.WT,92,0.5306122448979591
20231004,WT,expressing,20231004.WT,93,0.5306122448979591
20231004,WT,expressing,20231004.WT,94,0.5306122448979591
20231004,WT,expressing,20231004.WT,95,0.4897959183673469
20231004,WT,expressing,20231004.WT,96,0.4897959183673469
20231004,WT,expressing,20231004.WT,97,0.4693877551020408
20231004,WT,expressing,20231004.WT,98,0.44897959183673475
20231004,WT,expressing,20231004.WT,99,0.44897959183673475
20231004,WT,expressing,20231004.WT,100,0.44897959183673475
20231004,WT,expressing,20231004.WT,101,0.4285714285714286
20231004,WT,expressing,20231004.WT,102,0.4285714285714286
20231004,WT,expressing,20231004.WT,103,0.4285714285714286
20231004,WT,expressing,20231004.WT,104,0.4285714285714286
20231004,WT,expressing,20231004.WT,105,0.4285714285714286
20231004,WT,expressing,20231004.WT,106,0.4285714285714286
20231004,WT,expressing,20231004.WT,107,0.4285714285714286
20231004,WT,expressing,20231004.WT,108,0.4285714285714286
20231004,WT,expressing,20231004.WT,109,0.4285714285714286
20231004,WT,expressing,20231004.WT,110,0.4285714285714286
20231004,WT,expressing,20231004.WT,111,0.36734693877551017
20231004,WT,expressing,20231004.WT,112,0.34693877551020413
20231004,WT,expressing,20231004.WT,113,0.326530612244898
20231004,WT,expressing,20231004.WT,114,0.30612244897959184
20231004,WT,expressing,20231004.WT,115,0.30612244897959184
20231004,WT,expressing,20231004.WT,116,0.2857142857142857
20231004,WT,expressing,20231004.WT,117,0.2857142857142857
20231004,WT,expressing,20231004.WT,118,0.2857142857142857
20231004,WT,nonexpressing,20231004.WT,0,1
20231004,WT,nonexpressing,20231004.WT,1,1
20231004,WT,nonexpressing,20231004.WT,2,1
20231004,WT,nonexpressing,20231004.WT,3,1
20231004,WT,nonexpressing,20231004.WT,4,1
20231004,WT,nonexpressing,20231004.WT,5,1
20231004,WT,nonexpressing,20231004.WT,6,1
20231004,WT,nonexpressing,20231004.WT,7,1
20231004,WT,nonexpressing,20231004.WT,8,1
20231004,WT,nonexpressing,20231004.WT,9,1
20231004,WT,nonexpressing,20231004.WT,10,1
20231004,WT,nonexpressing,20231004.WT,11,1
20231004,WT,nonexpressing,20231004.WT,12,1
20231004,WT,nonexpressing,20231004.WT,13,1
20231004,WT,nonexpressing,20231004.WT,14,1
20231004,WT,nonexpressing,20231004.WT,15,0.9868421052631579
20231004,WT,nonexpressing,20231004.WT,16,0.9736842105263158
20231004,WT,nonexpressing,20231004.WT,17,0.9736842105263158
20231004,WT,nonexpressing,20231004.WT,18,0.9736842105263158
20231004,WT,nonexpressing,20231004.WT,19,0.9736842105263158
20231004,WT,nonexpressing,20231004.WT,20,0.9736842105263158
20231004,WT,nonexpressing,20231004.WT,21,0.9736842105263158
20231004,WT,nonexpressing,20231004.WT,22,0.9736842105263158
20231004,WT,nonexpressing,20231004.WT,23,0.9605263157894737
20231004,WT,nonexpressing,20231004.WT,24,0.9605263157894737
20231004,WT,nonexpressing,20231004.WT,25,0.9605263157894737
20231004,WT,nonexpressing,20231004.WT,26,0.9473684210526316
20231004,WT,nonexpressing,20231004.WT,27,0.9342105263157895
20231004,WT,nonexpressing,20231004.WT,28,0.9342105263157895
20231004,WT,nonexpressing,20231004.WT,29,0.9342105263157895
20231004,WT,nonexpressing,20231004.WT,30,0.9078947368421053
20231004,WT,nonexpressing,20231004.WT,31,0.9078947368421053
20231004,WT,nonexpressing,20231004.WT,32,0.9078947368421053
20231004,WT,nonexpressing,20231004.WT,33,0.8947368421052632
20231004,WT,nonexpressing,20231004.WT,34,0.8947368421052632
20231004,WT,nonexpressing,20231004.WT,35,0.881578947368421
20231004,WT,nonexpressing,20231004.WT,36,0.881578947368421
20231004,WT,nonexpressing,20231004.WT,37,0.868421052631579
20231004,WT,nonexpressing,20231004.WT,38,0.868421052631579
20231004,WT,nonexpressing,20231004.WT,39,0.868421052631579
20231004,WT,nonexpressing,20231004.WT,40,0.868421052631579
20231004,WT,nonexpressing,20231004.WT,41,0.868421052631579
20231004,WT,nonexpressing,20231004.WT,42,0.8421052631578947
20231004,WT,nonexpressing,20231004.WT,43,0.8421052631578947
20231004,WT,nonexpressing,20231004.WT,44,0.8421052631578947
20231004,WT,nonexpressing,20231004.WT,45,0.8289473684210527
20231004,WT,nonexpressing,20231004.WT,46,0.8289473684210527
20231004,WT,nonexpressing,20231004.WT,47,0.8289473684210527
20231004,WT,nonexpressing,20231004.WT,48,0.8157894736842105
20231004,WT,nonexpressing,20231004.WT,49,0.8157894736842105
20231004,WT,nonexpressing,20231004.WT,50,0.8026315789473684
20231004,WT,nonexpressing,20231004.WT,51,0.7894736842105263
20231004,WT,nonexpressing,20231004.WT,52,0.7894736842105263
20231004,WT,nonexpressing,20231004.WT,53,0.7763157894736842
20231004,WT,nonexpressing,20231004.WT,54,0.75
20231004,WT,nonexpressing,20231004.WT,55,0.736842105263158
20231004,WT,nonexpressing,20231004.WT,56,0.7105263157894737
20231004,WT,nonexpressing,20231004.WT,57,0.6842105263157895
20231004,WT,nonexpressing,20231004.WT,58,0.6842105263157895
20231004,WT,nonexpressing,20231004.WT,59,0.6578947368421053
20231004,WT,nonexpressing,20231004.WT,60,0.6447368421052632
20231004,WT,nonexpressing,20231004.WT,61,0.6447368421052632
20231004,WT,nonexpressing,20231004.WT,62,0.6447368421052632
20231004,WT,nonexpressing,20231004.WT,63,0.6447368421052632
20231004,WT,nonexpressing,20231004.WT,64,0.631578947368421
20231004,WT,nonexpressing,20231004.WT,65,0.618421052631579
20231004,WT,nonexpressing,20231004.WT,66,0.618421052631579
20231004,WT,nonexpressing,20231004.WT,67,0.6052631578947368
20231004,WT,nonexpressing,20231004.WT,68,0.6052631578947368
20231004,WT,nonexpressing,20231004.WT,69,0.5657894736842105
20231004,WT,nonexpressing,20231004.WT,70,0.5526315789473684
20231004,WT,nonexpressing,20231004.WT,71,0.5526315789473684
20231004,WT,nonexpressing,20231004.WT,72,0.5526315789473684
20231004,WT,nonexpressing,20231004.WT,73,0.5263157894736843
20231004,WT,nonexpressing,20231004.WT,74,0.5263157894736843
20231004,WT,nonexpressing,20231004.WT,75,0.5263157894736843
20231004,WT,nonexpressing,20231004.WT,76,0.5
20231004,WT,nonexpressing,20231004.WT,77,0.48684210526315785
20231004,WT,nonexpressing,20231004.WT,78,0.4736842105263158
20231004,WT,nonexpressing,20231004.WT,79,0.42105263157894735
20231004,WT,nonexpressing,20231004.WT,80,0.4078947368421053
20231004,WT,nonexpressing,20231004.WT,81,0.4078947368421053
20231004,WT,nonexpressing,20231004.WT,82,0.4078947368421053
20231004,WT,nonexpressing,20231004.WT,83,0.39473684210526316
20231004,WT,nonexpressing,20231004.WT,84,0.39473684210526316
20231004,WT,nonexpressing,20231004.WT,85,0.39473684210526316
20231004,WT,nonexpressing,20231004.WT,86,0.368421052631579
20231004,WT,nonexpressing,20231004.WT,87,0.368421052631579
20231004,WT,nonexpressing,20231004.WT,88,0.35526315789473684
20231004,WT,nonexpressing,20231004.WT,89,0.35526315789473684
20231004,WT,nonexpressing,20231004.WT,90,0.32894736842105265
20231004,WT,nonexpressing,20231004.WT,91,0.3157894736842105
20231004,WT,nonexpressing,20231004.WT,92,0.3157894736842105
20231004,WT,nonexpressing,20231004.WT,93,0.3157894736842105
20231004,WT,nonexpressing,20231004.WT,94,0.3157894736842105
20231004,WT,nonexpressing,20231004.WT,95,0.3157894736842105
20231004,WT,nonexpressing,20231004.WT,96,0.3026315789473685
20231004,WT,nonexpressing,20231004.WT,97,0.26315789473684215
20231004,WT,nonexpressing,20231004.WT,98,0.26315789473684215
20231004,WT,nonexpressing,20231004.WT,99,0.26315789473684215
20231004,WT,nonexpressing,20231004.WT,100,0.26315789473684215
20231004,WT,nonexpressing,20231004.WT,101,0.25
20231004,WT,nonexpressing,20231004.WT,102,0.22368421052631582
20231004,WT,nonexpressing,20231004.WT,103,0.22368421052631582
20231004,WT,nonexpressing,20231004.WT,104,0.22368421052631582
20231004,WT,nonexpressing,20231004.WT,105,0.22368421052631582
20231004,WT,nonexpressing,20231004.WT,106,0.22368421052631582
20231004,WT,nonexpressing,20231004.WT,107,0.22368421052631582
20231004,WT,nonexpressing,20231004.WT,108,0.22368421052631582
20231004,WT,nonexpressing,20231004.WT,109,0.22368421052631582
20231004,WT,nonexpressing,20231004.WT,110,0.21052631578947367
20231004,WT,nonexpressing,20231004.WT,111,0.19736842105263153
20231004,WT,nonexpressing,20231004.WT,112,0.19736842105263153
20231004,WT,nonexpressing,20231004.WT,113,0.19736842105263153
20231004,WT,nonexpressing,20231004.WT,114,0.1842105263157895
20231004,WT,nonexpressing,20231004.WT,115,0.1842105263157895
20231004,WT,nonexpressing,20231004.WT,116,0.1842105263157895
20231004,WT,nonexpressing,20231004.WT,117,0.1842105263157895
20231004,WT,nonexpressing,20231004.WT,118,0.1842105263157895
20231207,WT,expressing,20231207.WT,0,1
20231207,WT,expressing,20231207.WT,1,1
20231207,WT,expressing,20231207.WT,2,1
20231207,WT,expressing,20231207.WT,3,1
20231207,WT,expressing,20231207.WT,4,1
20231207,WT,expressing,20231207.WT,5,1
20231207,WT,expressing,20231207.WT,6,1
20231207,WT,expressing,20231207.WT,7,1
20231207,WT,expressing,20231207.WT,8,1
20231207,WT,expressing,20231207.WT,9,1
20231207,WT,expressing,20231207.WT,10,1
20231207,WT,expressing,20231207.WT,11,1
20231207,WT,expressing,20231207.WT,12,1
20231207,WT,expressing,20231207.WT,13,1
20231207,WT,expressing,20231207.WT,14,1
20231207,WT,expressing,20231207.WT,15,1
20231207,WT,expressing,20231207.WT,16,1
20231207,WT,expressing,20231207.WT,17,1
20231207,WT,expressing,20231207.WT,18,1
20231207,WT,expressing,20231207.WT,19,1
20231207,WT,expressing,20231207.WT,20,1
20231207,WT,expressing,20231207.WT,21,1
20231207,WT,expressing,20231207.WT,22,0.9848484848484849
20231207,WT,expressing,20231207.WT,23,0.9696969696969697
20231207,WT,expressing,20231207.WT,24,0.9545454545454546
20231207,WT,expressing,20231207.WT,25,0.9393939393939394
20231207,WT,expressing,20231207.WT,26,0.9242424242424242
20231207,WT,expressing,20231207.WT,27,0.9090909090909091
20231207,WT,expressing,20231207.WT,28,0.8939393939393939
20231207,WT,expressing,20231207.WT,29,0.8939393939393939
20231207,WT,expressing,20231207.WT,30,0.8636363636363636
20231207,WT,expressing,20231207.WT,31,0.8636363636363636
20231207,WT,expressing,20231207.WT,32,0.8484848484848485
20231207,WT,expressing,20231207.WT,33,0.8333333333333334
20231207,WT,expressing,20231207.WT,34,0.8181818181818181
20231207,WT,expressing,20231207.WT,35,0.8181818181818181
20231207,WT,expressing,20231207.WT,36,0.7878787878787878
20231207,WT,expressing,20231207.WT,37,0.7727272727272727
20231207,WT,expressing,20231207.WT,38,0.7575757575757576
20231207,WT,expressing,20231207.WT,39,0.7121212121212122
20231207,WT,expressing,20231207.WT,40,0.7121212121212122
20231207,WT,expressing,20231207.WT,41,0.696969696969697
20231207,WT,expressing,20231207.WT,42,0.696969696969697
20231207,WT,expressing,20231207.WT,43,0.6818181818181819
20231207,WT,expressing,20231207.WT,44,0.6666666666666667
20231207,WT,expressing,20231207.WT,45,0.6515151515151515
20231207,WT,expressing,20231207.WT,46,0.6515151515151515
20231207,WT,expressing,20231207.WT,47,0.6363636363636364
20231207,WT,expressing,20231207.WT,48,0.6363636363636364
20231207,WT,expressing,20231207.WT,49,0.6363636363636364
20231207,WT,expressing,20231207.WT,50,0.6363636363636364
20231207,WT,expressing,20231207.WT,51,0.6363636363636364
20231207,WT,expressing,20231207.WT,52,0.6363636363636364
20231207,WT,expressing,20231207.WT,53,0.6363636363636364
20231207,WT,expressing,20231207.WT,54,0.6363636363636364
20231207,WT,expressing,20231207.WT,55,0.6363636363636364
20231207,WT,expressing,20231207.WT,56,0.6363636363636364
20231207,WT,expressing,20231207.WT,57,0.6212121212121212
20231207,WT,expressing,20231207.WT,58,0.5909090909090908
20231207,WT,expressing,20231207.WT,59,0.5909090909090908
20231207,WT,expressing,20231207.WT,60,0.5909090909090908
20231207,WT,expressing,20231207.WT,61,0.5909090909090908
20231207,WT,expressing,20231207.WT,62,0.5909090909090908
20231207,WT,expressing,20231207.WT,63,0.5909090909090908
20231207,WT,expressing,20231207.WT,64,0.5757575757575757
20231207,WT,expressing,20231207.WT,65,0.5757575757575757
20231207,WT,expressing,20231207.WT,66,0.5757575757575757
20231207,WT,expressing,20231207.WT,67,0.5606060606060606
20231207,WT,expressing,20231207.WT,68,0.5606060606060606
20231207,WT,expressing,20231207.WT,69,0.5454545454545454
20231207,WT,expressing,20231207.WT,70,0.5303030303030303
20231207,WT,expressing,20231207.WT,71,0.5303030303030303
20231207,WT,expressing,20231207.WT,72,0.5303030303030303
20231207,WT,expressing,20231207.WT,73,0.5
20231207,WT,expressing,20231207.WT,74,0.5
20231207,WT,expressing,20231207.WT,75,0.48484848484848486
20231207,WT,expressing,20231207.WT,76,0.48484848484848486
20231207,WT,expressing,20231207.WT,77,0.43939393939393945
20231207,WT,expressing,20231207.WT,78,0.4242424242424242
20231207,WT,expressing,20231207.WT,79,0.4242424242424242
20231207,WT,expressing,20231207.WT,80,0.40909090909090906
20231207,WT,expressing,20231207.WT,81,0.40909090909090906
20231207,WT,expressing,20231207.WT,82,0.3939393939393939
20231207,WT,expressing,20231207.WT,83,0.36363636363636365
20231207,WT,expressing,20231207.WT,84,0.36363636363636365
20231207,WT,expressing,20231207.WT,85,0.36363636363636365
20231207,WT,expressing,20231207.WT,86,0.3484848484848485
20231207,WT,expressing,20231207.WT,87,0.3484848484848485
20231207,WT,expressing,20231207.WT,88,0.3484848484848485
20231207,WT,expressing,20231207.WT,89,0.3484848484848485
20231207,WT,expressing,20231207.WT,90,0.3484848484848485
20231207,WT,expressing,20231207.WT,91,0.3484848484848485
20231207,WT,expressing,20231207.WT,92,0.3484848484848485
20231207,WT,expressing,20231207.WT,93,0.33333333333333337
20231207,WT,expressing,20231207.WT,94,0.33333333333333337
20231207,WT,expressing,20231207.WT,95,0.303030303030303
20231207,WT,expressing,20231207.WT,96,0.303030303030303
20231207,WT,expressing,20231207.WT,97,0.2727272727272727
20231207,WT,expressing,20231207.WT,98,0.25757575757575757
20231207,WT,expressing,20231207.WT,99,0.25757575757575757
20231207,WT,expressing,20231207.WT,100,0.25757575757575757
20231207,WT,expressing,20231207.WT,101,0.24242424242424243
20231207,WT,expressing,20231207.WT,102,0.24242424242424243
20231207,WT,expressing,20231207.WT,103,0.24242424242424243
20231207,WT,expressing,20231207.WT,104,0.24242424242424243
20231207,WT,expressing,20231207.WT,105,0.24242424242424243
20231207,WT,expressing,20231207.WT,106,0.24242424242424243
20231207,WT,expressing,20231207.WT,107,0.2272727272727273
20231207,WT,expressing,20231207.WT,108,0.2272727272727273
20231207,WT,expressing,20231207.WT,109,0.2272727272727273
20231207,WT,expressing,20231207.WT,110,0.2272727272727273
20231207,WT,expressing,20231207.WT,111,0.2272727272727273
20231207,WT,expressing,20231207.WT,112,0.2272727272727273
20231207,WT,expressing,20231207.WT,113,0.2272727272727273
20231207,WT,expressing,20231207.WT,114,0.19696969696969702
20231207,WT,expressing,20231207.WT,115,0.19696969696969702
20231207,WT,expressing,20231207.WT,116,0.19696969696969702
20231207,WT,expressing,20231207.WT,117,0.19696969696969702
20231207,WT,expressing,20231207.WT,118,0.19696969696969702
20231207,WT,nonexpressing,20231207.WT,0,1
20231207,WT,nonexpressing,20231207.WT,1,1
20231207,WT,nonexpressing,20231207.WT,2,1
20231207,WT,nonexpressing,20231207.WT,3,1
20231207,WT,nonexpressing,20231207.WT,4,1
20231207,WT,nonexpressing,20231207.WT,5,1
20231207,WT,nonexpressing,20231207.WT,6,1
20231207,WT,nonexpressing,20231207.WT,7,1
20231207,WT,nonexpressing,20231207.WT,8,1
20231207,WT,nonexpressing,20231207.WT,9,1
20231207,WT,nonexpressing,20231207.WT,10,1
20231207,WT,nonexpressing,20231207.WT,11,1
20231207,WT,nonexpressing,20231207.WT,12,0.975
20231207,WT,nonexpressing,20231207.WT,13,0.975
20231207,WT,nonexpressing,20231207.WT,14,0.9625
20231207,WT,nonexpressing,20231207.WT,15,0.9625
20231207,WT,nonexpressing,20231207.WT,16,0.95
20231207,WT,nonexpressing,20231207.WT,17,0.95
20231207,WT,nonexpressing,20231207.WT,18,0.95
20231207,WT,nonexpressing,20231207.WT,19,0.95
20231207,WT,nonexpressing,20231207.WT,20,0.95
20231207,WT,nonexpressing,20231207.WT,21,0.95
20231207,WT,nonexpressing,20231207.WT,22,0.95
20231207,WT,nonexpressing,20231207.WT,23,0.95
20231207,WT,nonexpressing,20231207.WT,24,0.9375
20231207,WT,nonexpressing,20231207.WT,25,0.925
20231207,WT,nonexpressing,20231207.WT,26,0.9
20231207,WT,nonexpressing,20231207.WT,27,0.9
20231207,WT,nonexpressing,20231207.WT,28,0.9
20231207,WT,nonexpressing,20231207.WT,29,0.9
20231207,WT,nonexpressing,20231207.WT,30,0.8875
20231207,WT,nonexpressing,20231207.WT,31,0.875
20231207,WT,nonexpressing,20231207.WT,32,0.8625
20231207,WT,nonexpressing,20231207.WT,33,0.85
20231207,WT,nonexpressing,20231207.WT,34,0.8375
20231207,WT,nonexpressing,20231207.WT,35,0.8375
20231207,WT,nonexpressing,20231207.WT,36,0.8375
20231207,WT,nonexpressing,20231207.WT,37,0.8375
20231207,WT,nonexpressing,20231207.WT,38,0.8125
20231207,WT,nonexpressing,20231207.WT,39,0.8125
20231207,WT,nonexpressing,20231207.WT,40,0.8125
20231207,WT,nonexpressing,20231207.WT,41,0.8
20231207,WT,nonexpressing,20231207.WT,42,0.7875
20231207,WT,nonexpressing,20231207.WT,43,0.7875
20231207,WT,nonexpressing,20231207.WT,44,0.7875
20231207,WT,nonexpressing,20231207.WT,45,0.775
20231207,WT,nonexpressing,20231207.WT,46,0.775
20231207,WT,nonexpressing,20231207.WT,47,0.775
20231207,WT,nonexpressing,20231207.WT,48,0.7625
20231207,WT,nonexpressing,20231207.WT,49,0.7625
20231207,WT,nonexpressing,20231207.WT,50,0.7625
20231207,WT,nonexpressing,20231207.WT,51,0.75
20231207,WT,nonexpressing,20231207.WT,52,0.75
20231207,WT,nonexpressing,20231207.WT,53,0.75
20231207,WT,nonexpressing,20231207.WT,54,0.75
20231207,WT,nonexpressing,20231207.WT,55,0.725
20231207,WT,nonexpressing,20231207.WT,56,0.7125
20231207,WT,nonexpressing,20231207.WT,57,0.6875
20231207,WT,nonexpressing,20231207.WT,58,0.675
20231207,WT,nonexpressing,20231207.WT,59,0.6625
20231207,WT,nonexpressing,20231207.WT,60,0.65
20231207,WT,nonexpressing,20231207.WT,61,0.65
20231207,WT,nonexpressing,20231207.WT,62,0.625
20231207,WT,nonexpressing,20231207.WT,63,0.5875
20231207,WT,nonexpressing,20231207.WT,64,0.575
20231207,WT,nonexpressing,20231207.WT,65,0.5625
20231207,WT,nonexpressing,20231207.WT,66,0.55
20231207,WT,nonexpressing,20231207.WT,67,0.55
20231207,WT,nonexpressing,20231207.WT,68,0.525
20231207,WT,nonexpressing,20231207.WT,69,0.525
20231207,WT,nonexpressing,20231207.WT,70,0.475
20231207,WT,nonexpressing,20231207.WT,71,0.475
20231207,WT,nonexpressing,20231207.WT,72,0.475
20231207,WT,nonexpressing,20231207.WT,73,0.475
20231207,WT,nonexpressing,20231207.WT,74,0.475
20231207,WT,nonexpressing,20231207.WT,75,0.475
20231207,WT,nonexpressing,20231207.WT,76,0.475
20231207,WT,nonexpressing,20231207.WT,77,0.4625
20231207,WT,nonexpressing,20231207.WT,78,0.4625
20231207,WT,nonexpressing,20231207.WT,79,0.4375
20231207,WT,nonexpressing,20231207.WT,80,0.42500000000000004
20231207,WT,nonexpressing,20231207.WT,81,0.4125
20231207,WT,nonexpressing,20231207.WT,82,0.4
20231207,WT,nonexpressing,20231207.WT,83,0.38749999999999996
20231207,WT,nonexpressing,20231207.WT,84,0.38749999999999996
20231207,WT,nonexpressing,20231207.WT,85,0.375
20231207,WT,nonexpressing,20231207.WT,86,0.36250000000000004
20231207,WT,nonexpressing,20231207.WT,87,0.36250000000000004
20231207,WT,nonexpressing,20231207.WT,88,0.35
20231207,WT,nonexpressing,20231207.WT,89,0.3375
20231207,WT,nonexpressing,20231207.WT,90,0.3375
20231207,WT,nonexpressing,20231207.WT,91,0.32499999999999996
20231207,WT,nonexpressing,20231207.WT,92,0.32499999999999996
20231207,WT,nonexpressing,20231207.WT,93,0.32499999999999996
20231207,WT,nonexpressing,20231207.WT,94,0.3125
20231207,WT,nonexpressing,20231207.WT,95,0.30000000000000004
20231207,WT,nonexpressing,20231207.WT,96,0.30000000000000004
20231207,WT,nonexpressing,20231207.WT,97,0.30000000000000004
20231207,WT,nonexpressing,20231207.WT,98,0.30000000000000004
20231207,WT,nonexpressing,20231207.WT,99,0.30000000000000004
20231207,WT,nonexpressing,20231207.WT,100,0.2875
20231207,WT,nonexpressing,20231207.WT,101,0.2875
20231207,WT,nonexpressing,20231207.WT,102,0.2875
20231207,WT,nonexpressing,20231207.WT,103,0.2875
20231207,WT,nonexpressing,20231207.WT,104,0.2875
20231207,WT,nonexpressing,20231207.WT,105,0.2875
20231207,WT,nonexpressing,20231207.WT,106,0.2875
20231207,WT,nonexpressing,20231207.WT,107,0.2875
20231207,WT,nonexpressing,20231207.WT,108,0.275
20231207,WT,nonexpressing,20231207.WT,109,0.275
20231207,WT,nonexpressing,20231207.WT,110,0.275
20231207,WT,nonexpressing,20231207.WT,111,0.275
20231207,WT,nonexpressing,20231207.WT,112,0.275
20231207,WT,nonexpressing,20231207.WT,113,0.275
20231207,WT,nonexpressing,20231207.WT,114,0.26249999999999996
20231207,WT,nonexpressing,20231207.WT,115,0.26249999999999996
20231207,WT,nonexpressing,20231207.WT,116,0.26249999999999996
20231207,WT,nonexpressing,20231207.WT,117,0.26249999999999996
20231207,WT,nonexpressing,20231207.WT,118,0.26249999999999996
20230929,D262V,expressing,20230929.D262V,0,1
20230929,D262V,expressing,20230929.D262V,1,1
20230929,D262V,expressing,20230929.D262V,2,1
20230929,D262V,expressing,20230929.D262V,3,1
20230929,D262V,expressing,20230929.D262V,4,1
20230929,D262V,expressing,20230929.D262V,5,1
20230929,D262V,expressing,20230929.D262V,6,1
20230929,D262V,expressing,20230929.D262V,7,1
20230929,D262V,expressing,20230929.D262V,8,1
20230929,D262V,expressing,20230929.D262V,9,1
20230929,D262V,expressing,20230929.D262V,10,1
20230929,D262V,expressing,20230929.D262V,11,1
20230929,D262V,expressing,20230929.D262V,12,1
20230929,D262V,expressing,20230929.D262V,13,1
20230929,D262V,expressing,20230929.D262V,14,1
20230929,D262V,expressing,20230929.D262V,15,1
20230929,D262V,expressing,20230929.D262V,16,1
20230929,D262V,expressing,20230929.D262V,17,1
20230929,D262V,expressing,20230929.D262V,18,1
20230929,D262V,expressing,20230929.D262V,19,0.9787234042553191
20230929,D262V,expressing,20230929.D262V,20,0.9574468085106383
20230929,D262V,expressing,20230929.D262V,21,0.9574468085106383
20230929,D262V,expressing,20230929.D262V,22,0.9574468085106383
20230929,D262V,expressing,20230929.D262V,23,0.9574468085106383
20230929,D262V,expressing,20230929.D262V,24,0.9361702127659575
20230929,D262V,expressing,20230929.D262V,25,0.9361702127659575
20230929,D262V,expressing,20230929.D262V,26,0.9361702127659575
20230929,D262V,expressing,20230929.D262V,27,0.9361702127659575
20230929,D262V,expressing,20230929.D262V,28,0.9361702127659575
20230929,D262V,expressing,20230929.D262V,29,0.9148936170212766
20230929,D262V,expressing,20230929.D262V,30,0.8936170212765957
20230929,D262V,expressing,20230929.D262V,31,0.8936170212765957
20230929,D262V,expressing,20230929.D262V,32,0.8936170212765957
20230929,D262V,expressing,20230929.D262V,33,0.8936170212765957
20230929,D262V,expressing,20230929.D262V,34,0.8936170212765957
20230929,D262V,expressing,20230929.D262V,35,0.8723404255319149
20230929,D262V,expressing,20230929.D262V,36,0.8723404255319149
20230929,D262V,expressing,20230929.D262V,37,0.8723404255319149
20230929,D262V,expressing,20230929.D262V,38,0.851063829787234
20230929,D262V,expressing,20230929.D262V,39,0.851063829787234
20230929,D262V,expressing,20230929.D262V,40,0.851063829787234
20230929,D262V,expressing,20230929.D262V,41,0.851063829787234
20230929,D262V,expressing,20230929.D262V,42,0.851063829787234
20230929,D262V,expressing,20230929.D262V,43,0.851063829787234
20230929,D262V,expressing,20230929.D262V,44,0.851063829787234
20230929,D262V,expressing,20230929.D262V,45,0.851063829787234
20230929,D262V,expressing,20230929.D262V,46,0.8297872340425532
20230929,D262V,expressing,20230929.D262V,47,0.8297872340425532
20230929,D262V,expressing,20230929.D262V,48,0.7872340425531915
20230929,D262V,expressing,20230929.D262V,49,0.7872340425531915
20230929,D262V,expressing,20230929.D262V,50,0.7872340425531915
20230929,D262V,expressing,20230929.D262V,51,0.7872340425531915
20230929,D262V,expressing,20230929.D262V,52,0.7872340425531915
20230929,D262V,expressing,20230929.D262V,53,0.7872340425531915
20230929,D262V,expressing,20230929.D262V,54,0.7872340425531915
20230929,D262V,expressing,20230929.D262V,55,0.7872340425531915
20230929,D262V,expressing,20230929.D262V,56,0.7872340425531915
20230929,D262V,expressing,20230929.D262V,57,0.7872340425531915
20230929,D262V,expressing,20230929.D262V,58,0.7872340425531915
20230929,D262V,expressing,20230929.D262V,59,0.7872340425531915
20230929,D262V,expressing,20230929.D262V,60,0.7872340425531915
20230929,D262V,expressing,20230929.D262V,61,0.7659574468085106
20230929,D262V,expressing,20230929.D262V,62,0.7659574468085106
20230929,D262V,expressing,20230929.D262V,63,0.7659574468085106
20230929,D262V,expressing,20230929.D262V,64,0.7659574468085106
20230929,D262V,expressing,20230929.D262V,65,0.7659574468085106
20230929,D262V,expressing,20230929.D262V,66,0.7234042553191489
20230929,D262V,expressing,20230929.D262V,67,0.7021276595744681
20230929,D262V,expressing,20230929.D262V,68,0.7021276595744681
20230929,D262V,expressing,20230929.D262V,69,0.7021276595744681
20230929,D262V,expressing,20230929.D262V,70,0.6808510638297872
20230929,D262V,expressing,20230929.D262V,71,0.6808510638297872
20230929,D262V,expressing,20230929.D262V,72,0.6808510638297872
20230929,D262V,expressing,20230929.D262V,73,0.6382978723404256
20230929,D262V,expressing,20230929.D262V,74,0.6382978723404256
20230929,D262V,expressing,20230929.D262V,75,0.6382978723404256
20230929,D262V,expressing,20230929.D262V,76,0.6382978723404256
20230929,D262V,expressing,20230929.D262V,77,0.6382978723404256
20230929,D262V,expressing,20230929.D262V,78,0.6382978723404256
20230929,D262V,expressing,20230929.D262V,79,0.6170212765957447
20230929,D262V,expressing,20230929.D262V,80,0.5957446808510638
20230929,D262V,expressing,20230929.D262V,81,0.574468085106383
20230929,D262V,expressing,20230929.D262V,82,0.574468085106383
20230929,D262V,expressing,20230929.D262V,83,0.574468085106383
20230929,D262V,expressing,20230929.D262V,84,0.574468085106383
20230929,D262V,expressing,20230929.D262V,85,0.574468085106383
20230929,D262V,expressing,20230929.D262V,86,0.574468085106383
20230929,D262V,expressing,20230929.D262V,87,0.5531914893617021
20230929,D262V,expressing,20230929.D262V,88,0.5319148936170213
20230929,D262V,expressing,20230929.D262V,89,0.5319148936170213
20230929,D262V,expressing,20230929.D262V,90,0.4893617021276596
20230929,D262V,expressing,20230929.D262V,91,0.44680851063829785
20230929,D262V,expressing,20230929.D262V,92,0.44680851063829785
20230929,D262V,expressing,20230929.D262V,93,0.42553191489361697
20230929,D262V,expressing,20230929.D262V,94,0.42553191489361697
20230929,D262V,expressing,20230929.D262V,95,0.42553191489361697
20230929,D262V,expressing,20230929.D262V,96,0.42553191489361697
20230929,D262V,expressing,20230929.D262V,97,0.42553191489361697
20230929,D262V,expressing,20230929.D262V,98,0.42553191489361697
20230929,D262V,expressing,20230929.D262V,99,0.3829787234042553
20230929,D262V,expressing,20230929.D262V,100,0.36170212765957444
20230929,D262V,expressing,20230929.D262V,101,0.36170212765957444
20230929,D262V,expressing,20230929.D262V,102,0.36170212765957444
20230929,D262V,expressing,20230929.D262V,103,0.36170212765957444
20230929,D262V,expressing,20230929.D262V,104,0.36170212765957444
20230929,D262V,expressing,20230929.D262V,105,0.36170212765957444
20230929,D262V,expressing,20230929.D262V,106,0.36170212765957444
20230929,D262V,expressing,20230929.D262V,107,0.34042553191489366
20230929,D262V,expressing,20230929.D262V,108,0.34042553191489366
20230929,D262V,expressing,20230929.D262V,109,0.34042553191489366
20230929,D262V,expressing,20230929.D262V,110,0.34042553191489366
20230929,D262V,expressing,20230929.D262V,111,0.34042553191489366
20230929,D262V,expressing,20230929.D262V,112,0.34042553191489366
20230929,D262V,expressing,20230929.D262V,113,0.2978723404255319
20230929,D262V,expressing,20230929.D262V,114,0.2978723404255319
20230929,D262V,expressing,20230929.D262V,115,0.2978723404255319
20230929,D262V,expressing,20230929.D262V,116,0.2978723404255319
20230929,D262V,expressing,20230929.D262V,117,0.2978723404255319
20230929,D262V,expressing,20230929.D262V,118,0.2978723404255319
20230929,D262V,nonexpressing,20230929.D262V,0,1
20230929,D262V,nonexpressing,20230929.D262V,1,1
20230929,D262V,nonexpressing,20230929.D262V,2,1
20230929,D262V,nonexpressing,20230929.D262V,3,1
20230929,D262V,nonexpressing,20230929.D262V,4,1
20230929,D262V,nonexpressing,20230929.D262V,5,1
20230929,D262V,nonexpressing,20230929.D262V,6,1
20230929,D262V,nonexpressing,20230929.D262V,7,1
20230929,D262V,nonexpressing,20230929.D262V,8,1
20230929,D262V,nonexpressing,20230929.D262V,9,1
20230929,D262V,nonexpressing,20230929.D262V,10,1
20230929,D262V,nonexpressing,20230929.D262V,11,1
20230929,D262V,nonexpressing,20230929.D262V,12,1
20230929,D262V,nonexpressing,20230929.D262V,13,1
20230929,D262V,nonexpressing,20230929.D262V,14,1
20230929,D262V,nonexpressing,20230929.D262V,15,1
20230929,D262V,nonexpressing,20230929.D262V,16,1
20230929,D262V,nonexpressing,20230929.D262V,17,1
20230929,D262V,nonexpressing,20230929.D262V,18,1
20230929,D262V,nonexpressing,20230929.D262V,19,0.9875
20230929,D262V,nonexpressing,20230929.D262V,20,0.975
20230929,D262V,nonexpressing,20230929.D262V,21,0.975
20230929,D262V,nonexpressing,20230929.D262V,22,0.975
20230929,D262V,nonexpressing,20230929.D262V,23,0.975
20230929,D262V,nonexpressing,20230929.D262V,24,0.975
20230929,D262V,nonexpressing,20230929.D262V,25,0.975
20230929,D262V,nonexpressing,20230929.D262V,26,0.9625
20230929,D262V,nonexpressing,20230929.D262V,27,0.9625
20230929,D262V,nonexpressing,20230929.D262V,28,0.9625
20230929,D262V,nonexpressing,20230929.D262V,29,0.9625
20230929,D262V,nonexpressing,20230929.D262V,30,0.9625
20230929,D262V,nonexpressing,20230929.D262V,31,0.9625
20230929,D262V,nonexpressing,20230929.D262V,32,0.95
20230929,D262V,nonexpressing,20230929.D262V,33,0.95
20230929,D262V,nonexpressing,20230929.D262V,34,0.95
20230929,D262V,nonexpressing,20230929.D262V,35,0.95
20230929,D262V,nonexpressing,20230929.D262V,36,0.925
20230929,D262V,nonexpressing,20230929.D262V,37,0.925
20230929,D262V,nonexpressing,20230929.D262V,38,0.925
20230929,D262V,nonexpressing,20230929.D262V,39,0.925
20230929,D262V,nonexpressing,20230929.D262V,40,0.925
20230929,D262V,nonexpressing,20230929.D262V,41,0.925
20230929,D262V,nonexpressing,20230929.D262V,42,0.925
20230929,D262V,nonexpressing,20230929.D262V,43,0.925
20230929,D262V,nonexpressing,20230929.D262V,44,0.9125
20230929,D262V,nonexpressing,20230929.D262V,45,0.9
20230929,D262V,nonexpressing,20230929.D262V,46,0.9
20230929,D262V,nonexpressing,20230929.D262V,47,0.8875
20230929,D262V,nonexpressing,20230929.D262V,48,0.8625
20230929,D262V,nonexpressing,20230929.D262V,49,0.85
20230929,D262V,nonexpressing,20230929.D262V,50,0.8375
20230929,D262V,nonexpressing,20230929.D262V,51,0.825
20230929,D262V,nonexpressing,20230929.D262V,52,0.8
20230929,D262V,nonexpressing,20230929.D262V,53,0.8
20230929,D262V,nonexpressing,20230929.D262V,54,0.7875
20230929,D262V,nonexpressing,20230929.D262V,55,0.7875
20230929,D262V,nonexpressing,20230929.D262V,56,0.7875
20230929,D262V,nonexpressing,20230929.D262V,57,0.7875
20230929,D262V,nonexpressing,20230929.D262V,58,0.7875
20230929,D262V,nonexpressing,20230929.D262V,59,0.7875
20230929,D262V,nonexpressing,20230929.D262V,60,0.775
20230929,D262V,nonexpressing,20230929.D262V,61,0.7625
20230929,D262V,nonexpressing,20230929.D262V,62,0.7625
20230929,D262V,nonexpressing,20230929.D262V,63,0.7625
20230929,D262V,nonexpressing,20230929.D262V,64,0.75
20230929,D262V,nonexpressing,20230929.D262V,65,0.75
20230929,D262V,nonexpressing,20230929.D262V,66,0.75
20230929,D262V,nonexpressing,20230929.D262V,67,0.725
20230929,D262V,nonexpressing,20230929.D262V,68,0.725
20230929,D262V,nonexpressing,20230929.D262V,69,0.725
20230929,D262V,nonexpressing,20230929.D262V,70,0.7125
20230929,D262V,nonexpressing,20230929.D262V,71,0.7125
20230929,D262V,nonexpressing,20230929.D262V,72,0.6875
20230929,D262V,nonexpressing,20230929.D262V,73,0.6625
20230929,D262V,nonexpressing,20230929.D262V,74,0.6625
20230929,D262V,nonexpressing,20230929.D262V,75,0.65
20230929,D262V,nonexpressing,20230929.D262V,76,0.65
20230929,D262V,nonexpressing,20230929.D262V,77,0.6375
20230929,D262V,nonexpressing,20230929.D262V,78,0.6375
20230929,D262V,nonexpressing,20230929.D262V,79,0.6
20230929,D262V,nonexpressing,20230929.D262V,80,0.5875
20230929,D262V,nonexpressing,20230929.D262V,81,0.5875
20230929,D262V,nonexpressing,20230929.D262V,82,0.5875
20230929,D262V,nonexpressing,20230929.D262V,83,0.575
20230929,D262V,nonexpressing,20230929.D262V,84,0.5625
20230929,D262V,nonexpressing,20230929.D262V,85,0.5375
20230929,D262V,nonexpressing,20230929.D262V,86,0.5125
20230929,D262V,nonexpressing,20230929.D262V,87,0.5
20230929,D262V,nonexpressing,20230929.D262V,88,0.5
20230929,D262V,nonexpressing,20230929.D262V,89,0.5
20230929,D262V,nonexpressing,20230929.D262V,90,0.5
20230929,D262V,nonexpressing,20230929.D262V,91,0.48750000000000004
20230929,D262V,nonexpressing,20230929.D262V,92,0.44999999999999996
20230929,D262V,nonexpressing,20230929.D262V,93,0.44999999999999996
20230929,D262V,nonexpressing,20230929.D262V,94,0.44999999999999996
20230929,D262V,nonexpressing,20230929.D262V,95,0.44999999999999996
20230929,D262V,nonexpressing,20230929.D262V,96,0.4375
20230929,D262V,nonexpressing,20230929.D262V,97,0.4375
20230929,D262V,nonexpressing,20230929.D262V,98,0.42500000000000004
20230929,D262V,nonexpressing,20230929.D262V,99,0.4125
20230929,D262V,nonexpressing,20230929.D262V,100,0.36250000000000004
20230929,D262V,nonexpressing,20230929.D262V,101,0.35
20230929,D262V,nonexpressing,20230929.D262V,102,0.35
20230929,D262V,nonexpressing,20230929.D262V,103,0.3375
20230929,D262V,nonexpressing,20230929.D262V,104,0.3375
20230929,D262V,nonexpressing,20230929.D262V,105,0.3375
20230929,D262V,nonexpressing,20230929.D262V,106,0.32499999999999996
20230929,D262V,nonexpressing,20230929.D262V,107,0.3125
20230929,D262V,nonexpressing,20230929.D262V,108,0.30000000000000004
20230929,D262V,nonexpressing,20230929.D262V,109,0.2875
20230929,D262V,nonexpressing,20230929.D262V,110,0.2875
20230929,D262V,nonexpressing,20230929.D262V,111,0.2875
20230929,D262V,nonexpressing,20230929.D262V,112,0.2875
20230929,D262V,nonexpressing,20230929.D262V,113,0.26249999999999996
20230929,D262V,nonexpressing,20230929.D262V,114,0.25
20230929,D262V,nonexpressing,20230929.D262V,115,0.25
20230929,D262V,nonexpressing,20230929.D262V,116,0.25
20230929,D262V,nonexpressing,20230929.D262V,117,0.23750000000000004
20230929,D262V,nonexpressing,20230929.D262V,118,0.22499999999999998
20231004,D262V,expressing,20231004.D262V,0,1
20231004,D262V,expressing,20231004.D262V,1,1
20231004,D262V,expressing,20231004.D262V,2,1
20231004,D262V,expressing,20231004.D262V,3,1
20231004,D262V,expressing,20231004.D262V,4,1
20231004,D262V,expressing,20231004.D262V,5,1
20231004,D262V,expressing,20231004.D262V,6,1
20231004,D262V,expressing,20231004.D262V,7,1
20231004,D262V,expressing,20231004.D262V,8,1
20231004,D262V,expressing,20231004.D262V,9,1
20231004,D262V,expressing,20231004.D262V,10,1
20231004,D262V,expressing,20231004.D262V,11,1
20231004,D262V,expressing,20231004.D262V,12,1
20231004,D262V,expressing,20231004.D262V,13,1
20231004,D262V,expressing,20231004.D262V,14,1
20231004,D262V,expressing,20231004.D262V,15,1
20231004,D262V,expressing,20231004.D262V,16,1
20231004,D262V,expressing,20231004.D262V,17,1
20231004,D262V,expressing,20231004.D262V,18,1
20231004,D262V,expressing,20231004.D262V,19,1
20231004,D262V,expressing,20231004.D262V,20,1
20231004,D262V,expressing,20231004.D262V,21,1
20231004,D262V,expressing,20231004.D262V,22,1
20231004,D262V,expressing,20231004.D262V,23,1
20231004,D262V,expressing,20231004.D262V,24,1
20231004,D262V,expressing,20231004.D262V,25,1
20231004,D262V,expressing,20231004.D262V,26,1
20231004,D262V,expressing,20231004.D262V,27,1
20231004,D262V,expressing,20231004.D262V,28,0.9833333333333333
20231004,D262V,expressing,20231004.D262V,29,0.9833333333333333
20231004,D262V,expressing,20231004.D262V,30,0.9833333333333333
20231004,D262V,expressing,20231004.D262V,31,0.9833333333333333
20231004,D262V,expressing,20231004.D262V,32,0.95
20231004,D262V,expressing,20231004.D262V,33,0.95
20231004,D262V,expressing,20231004.D262V,34,0.95
20231004,D262V,expressing,20231004.D262V,35,0.9333333333333333
20231004,D262V,expressing,20231004.D262V,36,0.9166666666666666
20231004,D262V,expressing,20231004.D262V,37,0.9166666666666666
20231004,D262V,expressing,20231004.D262V,38,0.9166666666666666
20231004,D262V,expressing,20231004.D262V,39,0.9166666666666666
20231004,D262V,expressing,20231004.D262V,40,0.9166666666666666
20231004,D262V,expressing,20231004.D262V,41,0.9166666666666666
20231004,D262V,expressing,20231004.D262V,42,0.9
20231004,D262V,expressing,20231004.D262V,43,0.9
20231004,D262V,expressing,20231004.D262V,44,0.8833333333333333
20231004,D262V,expressing,20231004.D262V,45,0.8833333333333333
20231004,D262V,expressing,20231004.D262V,46,0.8833333333333333
20231004,D262V,expressing,20231004.D262V,47,0.8833333333333333
20231004,D262V,expressing,20231004.D262V,48,0.8833333333333333
20231004,D262V,expressing,20231004.D262V,49,0.8833333333333333
20231004,D262V,expressing,20231004.D262V,50,0.8833333333333333
20231004,D262V,expressing,20231004.D262V,51,0.8833333333333333
20231004,D262V,expressing,20231004.D262V,52,0.8833333333333333
20231004,D262V,expressing,20231004.D262V,53,0.8833333333333333
20231004,D262V,expressing,20231004.D262V,54,0.8833333333333333
20231004,D262V,expressing,20231004.D262V,55,0.8666666666666667
20231004,D262V,expressing,20231004.D262V,56,0.8666666666666667
20231004,D262V,expressing,20231004.D262V,57,0.8666666666666667
20231004,D262V,expressing,20231004.D262V,58,0.85
20231004,D262V,expressing,20231004.D262V,59,0.8166666666666667
20231004,D262V,expressing,20231004.D262V,60,0.8
20231004,D262V,expressing,20231004.D262V,61,0.8
20231004,D262V,expressing,20231004.D262V,62,0.8
20231004,D262V,expressing,20231004.D262V,63,0.8
20231004,D262V,expressing,20231004.D262V,64,0.8
20231004,D262V,expressing,20231004.D262V,65,0.8
20231004,D262V,expressing,20231004.D262V,66,0.8
20231004,D262V,expressing,20231004.D262V,67,0.8
20231004,D262V,expressing,20231004.D262V,68,0.8
20231004,D262V,expressing,20231004.D262V,69,0.8
20231004,D262V,expressing,20231004.D262V,70,0.7833333333333333
20231004,D262V,expressing,20231004.D262V,71,0.7833333333333333
20231004,D262V,expressing,20231004.D262V,72,0.7833333333333333
20231004,D262V,expressing,20231004.D262V,73,0.7833333333333333
20231004,D262V,expressing,20231004.D262V,74,0.75
20231004,D262V,expressing,20231004.D262V,75,0.75
20231004,D262V,expressing,20231004.D262V,76,0.7333333333333334
20231004,D262V,expressing,20231004.D262V,77,0.7333333333333334
20231004,D262V,expressing,20231004.D262V,78,0.7333333333333334
20231004,D262V,expressing,20231004.D262V,79,0.7333333333333334
20231004,D262V,expressing,20231004.D262V,80,0.7333333333333334
20231004,D262V,expressing,20231004.D262V,81,0.7333333333333334
20231004,D262V,expressing,20231004.D262V,82,0.7333333333333334
20231004,D262V,expressing,20231004.D262V,83,0.7166666666666667
20231004,D262V,expressing,20231004.D262V,84,0.7166666666666667
20231004,D262V,expressing,20231004.D262V,85,0.7166666666666667
20231004,D262V,expressing,20231004.D262V,86,0.7166666666666667
20231004,D262V,expressing,20231004.D262V,87,0.7166666666666667
20231004,D262V,expressing,20231004.D262V,88,0.7166666666666667
20231004,D262V,expressing,20231004.D262V,89,0.7166666666666667
20231004,D262V,expressing,20231004.D262V,90,0.7166666666666667
20231004,D262V,expressing,20231004.D262V,91,0.6833333333333333
20231004,D262V,expressing,20231004.D262V,92,0.6833333333333333
20231004,D262V,expressing,20231004.D262V,93,0.6833333333333333
20231004,D262V,expressing,20231004.D262V,94,0.6666666666666667
20231004,D262V,expressing,20231004.D262V,95,0.6666666666666667
20231004,D262V,expressing,20231004.D262V,96,0.6666666666666667
20231004,D262V,expressing,20231004.D262V,97,0.6666666666666667
20231004,D262V,expressing,20231004.D262V,98,0.65
20231004,D262V,expressing,20231004.D262V,99,0.65
20231004,D262V,expressing,20231004.D262V,100,0.6333333333333333
20231004,D262V,expressing,20231004.D262V,101,0.6166666666666667
20231004,D262V,expressing,20231004.D262V,102,0.6166666666666667
20231004,D262V,expressing,20231004.D262V,103,0.6
20231004,D262V,expressing,20231004.D262V,104,0.5666666666666667
20231004,D262V,expressing,20231004.D262V,105,0.55
20231004,D262V,expressing,20231004.D262V,106,0.5333333333333333
20231004,D262V,expressing,20231004.D262V,107,0.5333333333333333
20231004,D262V,expressing,20231004.D262V,108,0.5
20231004,D262V,expressing,20231004.D262V,109,0.5
20231004,D262V,expressing,20231004.D262V,110,0.4833333333333333
20231004,D262V,expressing,20231004.D262V,111,0.4666666666666667
20231004,D262V,expressing,20231004.D262V,112,0.44999999999999996
20231004,D262V,expressing,20231004.D262V,113,0.44999999999999996
20231004,D262V,expressing,20231004.D262V,114,0.44999999999999996
20231004,D262V,expressing,20231004.D262V,115,0.44999999999999996
20231004,D262V,expressing,20231004.D262V,116,0.44999999999999996
20231004,D262V,expressing,20231004.D262V,117,0.43333333333333335
20231004,D262V,expressing,20231004.D262V,118,0.4
20231004,D262V,nonexpressing,20231004.D262V,0,1
20231004,D262V,nonexpressing,20231004.D262V,1,1
20231004,D262V,nonexpressing,20231004.D262V,2,1
20231004,D262V,nonexpressing,20231004.D262V,3,1
20231004,D262V,nonexpressing,20231004.D262V,4,1
20231004,D262V,nonexpressing,20231004.D262V,5,1
20231004,D262V,nonexpressing,20231004.D262V,6,1
20231004,D262V,nonexpressing,20231004.D262V,7,1
20231004,D262V,nonexpressing,20231004.D262V,8,1
20231004,D262V,nonexpressing,20231004.D262V,9,1
20231004,D262V,nonexpressing,20231004.D262V,10,1
20231004,D262V,nonexpressing,20231004.D262V,11,1
20231004,D262V,nonexpressing,20231004.D262V,12,1
20231004,D262V,nonexpressing,20231004.D262V,13,1
20231004,D262V,nonexpressing,20231004.D262V,14,1
20231004,D262V,nonexpressing,20231004.D262V,15,1
20231004,D262V,nonexpressing,20231004.D262V,16,1
20231004,D262V,nonexpressing,20231004.D262V,17,1
20231004,D262V,nonexpressing,20231004.D262V,18,1
20231004,D262V,nonexpressing,20231004.D262V,19,1
20231004,D262V,nonexpressing,20231004.D262V,20,0.9875
20231004,D262V,nonexpressing,20231004.D262V,21,0.9875
20231004,D262V,nonexpressing,20231004.D262V,22,0.9875
20231004,D262V,nonexpressing,20231004.D262V,23,0.9875
20231004,D262V,nonexpressing,20231004.D262V,24,0.9875
20231004,D262V,nonexpressing,20231004.D262V,25,0.9875
20231004,D262V,nonexpressing,20231004.D262V,26,0.975
20231004,D262V,nonexpressing,20231004.D262V,27,0.975
20231004,D262V,nonexpressing,20231004.D262V,28,0.95
20231004,D262V,nonexpressing,20231004.D262V,29,0.9375
20231004,D262V,nonexpressing,20231004.D262V,30,0.9375
20231004,D262V,nonexpressing,20231004.D262V,31,0.9375
20231004,D262V,nonexpressing,20231004.D262V,32,0.9375
20231004,D262V,nonexpressing,20231004.D262V,33,0.925
20231004,D262V,nonexpressing,20231004.D262V,34,0.925
20231004,D262V,nonexpressing,20231004.D262V,35,0.925
20231004,D262V,nonexpressing,20231004.D262V,36,0.9
20231004,D262V,nonexpressing,20231004.D262V,37,0.9
20231004,D262V,nonexpressing,20231004.D262V,38,0.8875
20231004,D262V,nonexpressing,20231004.D262V,39,0.875
20231004,D262V,nonexpressing,20231004.D262V,40,0.8625
20231004,D262V,nonexpressing,20231004.D262V,41,0.8625
20231004,D262V,nonexpressing,20231004.D262V,42,0.8625
20231004,D262V,nonexpressing,20231004.D262V,43,0.8625
20231004,D262V,nonexpressing,20231004.D262V,44,0.8625
20231004,D262V,nonexpressing,20231004.D262V,45,0.8625
20231004,D262V,nonexpressing,20231004.D262V,46,0.85
20231004,D262V,nonexpressing,20231004.D262V,47,0.85
20231004,D262V,nonexpressing,20231004.D262V,48,0.8375
20231004,D262V,nonexpressing,20231004.D262V,49,0.8375
20231004,D262V,nonexpressing,20231004.D262V,50,0.8375
20231004,D262V,nonexpressing,20231004.D262V,51,0.8375
20231004,D262V,nonexpressing,20231004.D262V,52,0.825
20231004,D262V,nonexpressing,20231004.D262V,53,0.8125
20231004,D262V,nonexpressing,20231004.D262V,54,0.8125
20231004,D262V,nonexpressing,20231004.D262V,55,0.8125
20231004,D262V,nonexpressing,20231004.D262V,56,0.8
20231004,D262V,nonexpressing,20231004.D262V,57,0.8
20231004,D262V,nonexpressing,20231004.D262V,58,0.7875
20231004,D262V,nonexpressing,20231004.D262V,59,0.7625
20231004,D262V,nonexpressing,20231004.D262V,60,0.7625
20231004,D262V,nonexpressing,20231004.D262V,61,0.75
20231004,D262V,nonexpressing,20231004.D262V,62,0.7375
20231004,D262V,nonexpressing,20231004.D262V,63,0.725
20231004,D262V,nonexpressing,20231004.D262V,64,0.725
20231004,D262V,nonexpressing,20231004.D262V,65,0.6875
20231004,D262V,nonexpressing,20231004.D262V,66,0.675
20231004,D262V,nonexpressing,20231004.D262V,67,0.6625
20231004,D262V,nonexpressing,20231004.D262V,68,0.6625
20231004,D262V,nonexpressing,20231004.D262V,69,0.65
20231004,D262V,nonexpressing,20231004.D262V,70,0.65
20231004,D262V,nonexpressing,20231004.D262V,71,0.625
20231004,D262V,nonexpressing,20231004.D262V,72,0.625
20231004,D262V,nonexpressing,20231004.D262V,73,0.625
20231004,D262V,nonexpressing,20231004.D262V,74,0.625
20231004,D262V,nonexpressing,20231004.D262V,75,0.6
20231004,D262V,nonexpressing,20231004.D262V,76,0.5625
20231004,D262V,nonexpressing,20231004.D262V,77,0.5375
20231004,D262V,nonexpressing,20231004.D262V,78,0.525
20231004,D262V,nonexpressing,20231004.D262V,79,0.525
20231004,D262V,nonexpressing,20231004.D262V,80,0.525
20231004,D262V,nonexpressing,20231004.D262V,81,0.5125
20231004,D262V,nonexpressing,20231004.D262V,82,0.5
20231004,D262V,nonexpressing,20231004.D262V,83,0.5
20231004,D262V,nonexpressing,20231004.D262V,84,0.5
20231004,D262V,nonexpressing,20231004.D262V,85,0.5
20231004,D262V,nonexpressing,20231004.D262V,86,0.5
20231004,D262V,nonexpressing,20231004.D262V,87,0.48750000000000004
20231004,D262V,nonexpressing,20231004.D262V,88,0.475
20231004,D262V,nonexpressing,20231004.D262V,89,0.4375
20231004,D262V,nonexpressing,20231004.D262V,90,0.4375
20231004,D262V,nonexpressing,20231004.D262V,91,0.42500000000000004
20231004,D262V,nonexpressing,20231004.D262V,92,0.4125
20231004,D262V,nonexpressing,20231004.D262V,93,0.38749999999999996
20231004,D262V,nonexpressing,20231004.D262V,94,0.38749999999999996
20231004,D262V,nonexpressing,20231004.D262V,95,0.375
20231004,D262V,nonexpressing,20231004.D262V,96,0.35
20231004,D262V,nonexpressing,20231004.D262V,97,0.35
20231004,D262V,nonexpressing,20231004.D262V,98,0.35
20231004,D262V,nonexpressing,20231004.D262V,99,0.3375
20231004,D262V,nonexpressing,20231004.D262V,100,0.3375
20231004,D262V,nonexpressing,20231004.D262V,101,0.32499999999999996
20231004,D262V,nonexpressing,20231004.D262V,102,0.30000000000000004
20231004,D262V,nonexpressing,20231004.D262V,103,0.30000000000000004
20231004,D262V,nonexpressing,20231004.D262V,104,0.275
20231004,D262V,nonexpressing,20231004.D262V,105,0.26249999999999996
20231004,D262V,nonexpressing,20231004.D262V,106,0.25
20231004,D262V,nonexpressing,20231004.D262V,107,0.25
20231004,D262V,nonexpressing,20231004.D262V,108,0.22499999999999998
20231004,D262V,nonexpressing,20231004.D262V,109,0.22499999999999998
20231004,D262V,nonexpressing,20231004.D262V,110,0.22499999999999998
20231004,D262V,nonexpressing,20231004.D262V,111,0.19999999999999996
20231004,D262V,nonexpressing,20231004.D262V,112,0.17500000000000004
20231004,D262V,nonexpressing,20231004.D262V,113,0.16249999999999998
20231004,D262V,nonexpressing,20231004.D262V,114,0.15000000000000002
20231004,D262V,nonexpressing,20231004.D262V,115,0.13749999999999996
20231004,D262V,nonexpressing,20231004.D262V,116,0.13749999999999996
20231004,D262V,nonexpressing,20231004.D262V,117,0.125
20231004,D262V,nonexpressing,20231004.D262V,118,0.11250000000000004
20231207,D262V,expressing,20231207.D262V,0,1
20231207,D262V,expressing,20231207.D262V,1,1
20231207,D262V,expressing,20231207.D262V,2,1
20231207,D262V,expressing,20231207.D262V,3,1
20231207,D262V,expressing,20231207.D262V,4,1
20231207,D262V,expressing,20231207.D262V,5,1
20231207,D262V,expressing,20231207.D262V,6,1
20231207,D262V,expressing,20231207.D262V,7,1
20231207,D262V,expressing,20231207.D262V,8,1
20231207,D262V,expressing,20231207.D262V,9,1
20231207,D262V,expressing,20231207.D262V,10,1
20231207,D262V,expressing,20231207.D262V,11,1
20231207,D262V,expressing,20231207.D262V,12,1
20231207,D262V,expressing,20231207.D262V,13,0.990990990990991
20231207,D262V,expressing,20231207.D262V,14,0.990990990990991
20231207,D262V,expressing,20231207.D262V,15,0.990990990990991
20231207,D262V,expressing,20231207.D262V,16,0.9819819819819819
20231207,D262V,expressing,20231207.D262V,17,0.972972972972973
20231207,D262V,expressing,20231207.D262V,18,0.972972972972973
20231207,D262V,expressing,20231207.D262V,19,0.9369369369369369
20231207,D262V,expressing,20231207.D262V,20,0.9369369369369369
20231207,D262V,expressing,20231207.D262V,21,0.9189189189189189
20231207,D262V,expressing,20231207.D262V,22,0.9099099099099099
20231207,D262V,expressing,20231207.D262V,23,0.9099099099099099
20231207,D262V,expressing,20231207.D262V,24,0.9009009009009009
20231207,D262V,expressing,20231207.D262V,25,0.9009009009009009
20231207,D262V,expressing,20231207.D262V,26,0.9009009009009009
20231207,D262V,expressing,20231207.D262V,27,0.8828828828828829
20231207,D262V,expressing,20231207.D262V,28,0.8648648648648649
20231207,D262V,expressing,20231207.D262V,29,0.8648648648648649
20231207,D262V,expressing,20231207.D262V,30,0.8648648648648649
20231207,D262V,expressing,20231207.D262V,31,0.8558558558558559
20231207,D262V,expressing,20231207.D262V,32,0.8558558558558559
20231207,D262V,expressing,20231207.D262V,33,0.8558558558558559
20231207,D262V,expressing,20231207.D262V,34,0.8468468468468469
20231207,D262V,expressing,20231207.D262V,35,0.8468468468468469
20231207,D262V,expressing,20231207.D262V,36,0.8288288288288288
20231207,D262V,expressing,20231207.D262V,37,0.8198198198198199
20231207,D262V,expressing,20231207.D262V,38,0.8198198198198199
20231207,D262V,expressing,20231207.D262V,39,0.7837837837837838
20231207,D262V,expressing,20231207.D262V,40,0.7657657657657657
20231207,D262V,expressing,20231207.D262V,41,0.7657657657657657
20231207,D262V,expressing,20231207.D262V,42,0.7657657657657657
20231207,D262V,expressing,20231207.D262V,43,0.7567567567567568
20231207,D262V,expressing,20231207.D262V,44,0.7117117117117118
20231207,D262V,expressing,20231207.D262V,45,0.7117117117117118
20231207,D262V,expressing,20231207.D262V,46,0.7117117117117118
20231207,D262V,expressing,20231207.D262V,47,0.7117117117117118
20231207,D262V,expressing,20231207.D262V,48,0.7027027027027026
20231207,D262V,expressing,20231207.D262V,49,0.7027027027027026
20231207,D262V,expressing,20231207.D262V,50,0.6936936936936937
20231207,D262V,expressing,20231207.D262V,51,0.6936936936936937
20231207,D262V,expressing,20231207.D262V,52,0.6846846846846847
20231207,D262V,expressing,20231207.D262V,53,0.6846846846846847
20231207,D262V,expressing,20231207.D262V,54,0.6756756756756757
20231207,D262V,expressing,20231207.D262V,55,0.6396396396396397
20231207,D262V,expressing,20231207.D262V,56,0.6306306306306306
20231207,D262V,expressing,20231207.D262V,57,0.6036036036036037
20231207,D262V,expressing,20231207.D262V,58,0.6036036036036037
20231207,D262V,expressing,20231207.D262V,59,0.6036036036036037
20231207,D262V,expressing,20231207.D262V,60,0.6036036036036037
20231207,D262V,expressing,20231207.D262V,61,0.6036036036036037
20231207,D262V,expressing,20231207.D262V,62,0.5855855855855856
20231207,D262V,expressing,20231207.D262V,63,0.5855855855855856
20231207,D262V,expressing,20231207.D262V,64,0.5675675675675675
20231207,D262V,expressing,20231207.D262V,65,0.5585585585585586
20231207,D262V,expressing,20231207.D262V,66,0.5495495495495495
20231207,D262V,expressing,20231207.D262V,67,0.5495495495495495
20231207,D262V,expressing,20231207.D262V,68,0.5495495495495495
20231207,D262V,expressing,20231207.D262V,69,0.5405405405405406
20231207,D262V,expressing,20231207.D262V,70,0.5225225225225225
20231207,D262V,expressing,20231207.D262V,71,0.5135135135135135
20231207,D262V,expressing,20231207.D262V,72,0.5135135135135135
20231207,D262V,expressing,20231207.D262V,73,0.5135135135135135
20231207,D262V,expressing,20231207.D262V,74,0.5045045045045045
20231207,D262V,expressing,20231207.D262V,75,0.5045045045045045
20231207,D262V,expressing,20231207.D262V,76,0.49549549549549554
20231207,D262V,expressing,20231207.D262V,77,0.4774774774774775
20231207,D262V,expressing,20231207.D262V,78,0.46846846846846846
20231207,D262V,expressing,20231207.D262V,79,0.4504504504504504
20231207,D262V,expressing,20231207.D262V,80,0.4414414414414415
20231207,D262V,expressing,20231207.D262V,81,0.4414414414414415
20231207,D262V,expressing,20231207.D262V,82,0.4414414414414415
20231207,D262V,expressing,20231207.D262V,83,0.43243243243243246
20231207,D262V,expressing,20231207.D262V,84,0.42342342342342343
20231207,D262V,expressing,20231207.D262V,85,0.4144144144144144
20231207,D262V,expressing,20231207.D262V,86,0.39639639639639634
20231207,D262V,expressing,20231207.D262V,87,0.3873873873873874
20231207,D262V,expressing,20231207.D262V,88,0.3783783783783784
20231207,D262V,expressing,20231207.D262V,89,0.3783783783783784
20231207,D262V,expressing,20231207.D262V,90,0.36936936936936937
20231207,D262V,expressing,20231207.D262V,91,0.36036036036036034
20231207,D262V,expressing,20231207.D262V,92,0.36036036036036034
20231207,D262V,expressing,20231207.D262V,93,0.3423423423423423
20231207,D262V,expressing,20231207.D262V,94,0.33333333333333337
20231207,D262V,expressing,20231207.D262V,95,0.33333333333333337
20231207,D262V,expressing,20231207.D262V,96,0.3153153153153153
20231207,D262V,expressing,20231207.D262V,97,0.3063063063063063
20231207,D262V,expressing,20231207.D262V,98,0.3063063063063063
20231207,D262V,expressing,20231207.D262V,99,0.29729729729729726
20231207,D262V,expressing,20231207.D262V,100,0.28828828828828834
20231207,D262V,expressing,20231207.D262V,101,0.28828828828828834
20231207,D262V,expressing,20231207.D262V,102,0.2702702702702703
20231207,D262V,expressing,20231207.D262V,103,0.26126126126126126
20231207,D262V,expressing,20231207.D262V,104,0.2432432432432432
20231207,D262V,expressing,20231207.D262V,105,0.2432432432432432
20231207,D262V,expressing,20231207.D262V,106,0.2432432432432432
20231207,D262V,expressing,20231207.D262V,107,0.22522522522522526
20231207,D262V,expressing,20231207.D262V,108,0.22522522522522526
20231207,D262V,expressing,20231207.D262V,109,0.21621621621621623
20231207,D262V,expressing,20231207.D262V,110,0.2072072072072072
20231207,D262V,expressing,20231207.D262V,111,0.2072072072072072
20231207,D262V,expressing,20231207.D262V,112,0.2072072072072072
20231207,D262V,expressing,20231207.D262V,113,0.2072072072072072
20231207,D262V,expressing,20231207.D262V,114,0.2072072072072072
20231207,D262V,expressing,20231207.D262V,115,0.19819819819819817
20231207,D262V,expressing,20231207.D262V,116,0.19819819819819817
20231207,D262V,expressing,20231207.D262V,117,0.19819819819819817
20231207,D262V,expressing,20231207.D262V,118,0.19819819819819817
20231207,D262V,nonexpressing,20231207.D262V,0,1
20231207,D262V,nonexpressing,20231207.D262V,1,1
20231207,D262V,nonexpressing,20231207.D262V,2,1
20231207,D262V,nonexpressing,20231207.D262V,3,1
20231207,D262V,nonexpressing,20231207.D262V,4,1
20231207,D262V,nonexpressing,20231207.D262V,5,1
20231207,D262V,nonexpressing,20231207.D262V,6,1
20231207,D262V,nonexpressing,20231207.D262V,7,1
20231207,D262V,nonexpressing,20231207.D262V,8,1
20231207,D262V,nonexpressing,20231207.D262V,9,1
20231207,D262V,nonexpressing,20231207.D262V,10,1
20231207,D262V,nonexpressing,20231207.D262V,11,0.9875
20231207,D262V,nonexpressing,20231207.D262V,12,0.9875
20231207,D262V,nonexpressing,20231207.D262V,13,0.9875
20231207,D262V,nonexpressing,20231207.D262V,14,0.9875
20231207,D262V,nonexpressing,20231207.D262V,15,0.9875
20231207,D262V,nonexpressing,20231207.D262V,16,0.9875
20231207,D262V,nonexpressing,20231207.D262V,17,0.9625
20231207,D262V,nonexpressing,20231207.D262V,18,0.9625
20231207,D262V,nonexpressing,20231207.D262V,19,0.9625
20231207,D262V,nonexpressing,20231207.D262V,20,0.9625
20231207,D262V,nonexpressing,20231207.D262V,21,0.9625
20231207,D262V,nonexpressing,20231207.D262V,22,0.9625
20231207,D262V,nonexpressing,20231207.D262V,23,0.9625
20231207,D262V,nonexpressing,20231207.D262V,24,0.95
20231207,D262V,nonexpressing,20231207.D262V,25,0.9375
20231207,D262V,nonexpressing,20231207.D262V,26,0.9375
20231207,D262V,nonexpressing,20231207.D262V,27,0.925
20231207,D262V,nonexpressing,20231207.D262V,28,0.925
20231207,D262V,nonexpressing,20231207.D262V,29,0.9125
20231207,D262V,nonexpressing,20231207.D262V,30,0.9125
20231207,D262V,nonexpressing,20231207.D262V,31,0.9125
20231207,D262V,nonexpressing,20231207.D262V,32,0.9125
20231207,D262V,nonexpressing,20231207.D262V,33,0.9
20231207,D262V,nonexpressing,20231207.D262V,34,0.875
20231207,D262V,nonexpressing,20231207.D262V,35,0.8625
20231207,D262V,nonexpressing,20231207.D262V,36,0.8625
20231207,D262V,nonexpressing,20231207.D262V,37,0.8625
20231207,D262V,nonexpressing,20231207.D262V,38,0.825
20231207,D262V,nonexpressing,20231207.D262V,39,0.825
20231207,D262V,nonexpressing,20231207.D262V,40,0.825
20231207,D262V,nonexpressing,20231207.D262V,41,0.8125
20231207,D262V,nonexpressing,20231207.D262V,42,0.8125
20231207,D262V,nonexpressing,20231207.D262V,43,0.7875
20231207,D262V,nonexpressing,20231207.D262V,44,0.775
20231207,D262V,nonexpressing,20231207.D262V,45,0.775
20231207,D262V,nonexpressing,20231207.D262V,46,0.775
20231207,D262V,nonexpressing,20231207.D262V,47,0.75
20231207,D262V,nonexpressing,20231207.D262V,48,0.7375
20231207,D262V,nonexpressing,20231207.D262V,49,0.7375
20231207,D262V,nonexpressing,20231207.D262V,50,0.7125
20231207,D262V,nonexpressing,20231207.D262V,51,0.7
20231207,D262V,nonexpressing,20231207.D262V,52,0.675
20231207,D262V,nonexpressing,20231207.D262V,53,0.65
20231207,D262V,nonexpressing,20231207.D262V,54,0.6375
20231207,D262V,nonexpressing,20231207.D262V,55,0.625
20231207,D262V,nonexpressing,20231207.D262V,56,0.625
20231207,D262V,nonexpressing,20231207.D262V,57,0.625
20231207,D262V,nonexpressing,20231207.D262V,58,0.6125
20231207,D262V,nonexpressing,20231207.D262V,59,0.6
20231207,D262V,nonexpressing,20231207.D262V,60,0.5875
20231207,D262V,nonexpressing,20231207.D262V,61,0.575
20231207,D262V,nonexpressing,20231207.D262V,62,0.575
20231207,D262V,nonexpressing,20231207.D262V,63,0.575
20231207,D262V,nonexpressing,20231207.D262V,64,0.5625
20231207,D262V,nonexpressing,20231207.D262V,65,0.5625
20231207,D262V,nonexpressing,20231207.D262V,66,0.55
20231207,D262V,nonexpressing,20231207.D262V,67,0.5375
20231207,D262V,nonexpressing,20231207.D262V,68,0.5375
20231207,D262V,nonexpressing,20231207.D262V,69,0.48750000000000004
20231207,D262V,nonexpressing,20231207.D262V,70,0.48750000000000004
20231207,D262V,nonexpressing,20231207.D262V,71,0.475
20231207,D262V,nonexpressing,20231207.D262V,72,0.475
20231207,D262V,nonexpressing,20231207.D262V,73,0.4625
20231207,D262V,nonexpressing,20231207.D262V,74,0.4375
20231207,D262V,nonexpressing,20231207.D262V,75,0.4375
20231207,D262V,nonexpressing,20231207.D262V,76,0.4375
20231207,D262V,nonexpressing,20231207.D262V,77,0.4375
20231207,D262V,nonexpressing,20231207.D262V,78,0.4375
20231207,D262V,nonexpressing,20231207.D262V,79,0.4375
20231207,D262V,nonexpressing,20231207.D262V,80,0.4125
20231207,D262V,nonexpressing,20231207.D262V,81,0.4
20231207,D262V,nonexpressing,20231207.D262V,82,0.4
20231207,D262V,nonexpressing,20231207.D262V,83,0.4
20231207,D262V,nonexpressing,20231207.D262V,84,0.38749999999999996
20231207,D262V,nonexpressing,20231207.D262V,85,0.38749999999999996
20231207,D262V,nonexpressing,20231207.D262V,86,0.38749999999999996
20231207,D262V,nonexpressing,20231207.D262V,87,0.35
20231207,D262V,nonexpressing,20231207.D262V,88,0.32499999999999996
20231207,D262V,nonexpressing,20231207.D262V,89,0.32499999999999996
20231207,D262V,nonexpressing,20231207.D262V,90,0.32499999999999996
20231207,D262V,nonexpressing,20231207.D262V,91,0.32499999999999996
20231207,D262V,nonexpressing,20231207.D262V,92,0.30000000000000004
20231207,D262V,nonexpressing,20231207.D262V,93,0.30000000000000004
20231207,D262V,nonexpressing,20231207.D262V,94,0.30000000000000004
20231207,D262V,nonexpressing,20231207.D262V,95,0.30000000000000004
20231207,D262V,nonexpressing,20231207.D262V,96,0.275
20231207,D262V,nonexpressing,20231207.D262V,97,0.275
20231207,D262V,nonexpressing,20231207.D262V,98,0.25
20231207,D262V,nonexpressing,20231207.D262V,99,0.21250000000000002
20231207,D262V,nonexpressing,20231207.D262V,100,0.19999999999999996
20231207,D262V,nonexpressing,20231207.D262V,101,0.19999999999999996
20231207,D262V,nonexpressing,20231207.D262V,102,0.1875
20231207,D262V,nonexpressing,20231207.D262V,103,0.1875
20231207,D262V,nonexpressing,20231207.D262V,104,0.1875
20231207,D262V,nonexpressing,20231207.D262V,105,0.1875
20231207,D262V,nonexpressing,20231207.D262V,106,0.17500000000000004
20231207,D262V,nonexpressing,20231207.D262V,107,0.17500000000000004
20231207,D262V,nonexpressing,20231207.D262V,108,0.17500000000000004
20231207,D262V,nonexpressing,20231207.D262V,109,0.17500000000000004
20231207,D262V,nonexpressing,20231207.D262V,110,0.17500000000000004
20231207,D262V,nonexpressing,20231207.D262V,111,0.17500000000000004
20231207,D262V,nonexpressing,20231207.D262V,112,0.17500000000000004
20231207,D262V,nonexpressing,20231207.D262V,113,0.17500000000000004
20231207,D262V,nonexpressing,20231207.D262V,114,0.16249999999999998
20231207,D262V,nonexpressing,20231207.D262V,115,0.16249999999999998
20231207,D262V,nonexpressing,20231207.D262V,116,0.16249999999999998
20231207,D262V,nonexpressing,20231207.D262V,117,0.15000000000000002
20231207,D262V,nonexpressing,20231207.D262V,118,0.15000000000000002
20230929,allW D262V,expressing,20230929.allW D262V,0,1
20230929,allW D262V,expressing,20230929.allW D262V,1,1
20230929,allW D262V,expressing,20230929.allW D262V,2,1
20230929,allW D262V,expressing,20230929.allW D262V,3,1
20230929,allW D262V,expressing,20230929.allW D262V,4,1
20230929,allW D262V,expressing,20230929.allW D262V,5,1
20230929,allW D262V,expressing,20230929.allW D262V,6,1
20230929,allW D262V,expressing,20230929.allW D262V,7,1
20230929,allW D262V,expressing,20230929.allW D262V,8,1
20230929,allW D262V,expressing,20230929.allW D262V,9,1
20230929,allW D262V,expressing,20230929.allW D262V,10,1
20230929,allW D262V,expressing,20230929.allW D262V,11,1
20230929,allW D262V,expressing,20230929.allW D262V,12,0.9795918367346939
20230929,allW D262V,expressing,20230929.allW D262V,13,0.9591836734693877
20230929,allW D262V,expressing,20230929.allW D262V,14,0.9387755102040817
20230929,allW D262V,expressing,20230929.allW D262V,15,0.9387755102040817
20230929,allW D262V,expressing,20230929.allW D262V,16,0.9387755102040817
20230929,allW D262V,expressing,20230929.allW D262V,17,0.9183673469387755
20230929,allW D262V,expressing,20230929.allW D262V,18,0.9183673469387755
20230929,allW D262V,expressing,20230929.allW D262V,19,0.8979591836734694
20230929,allW D262V,expressing,20230929.allW D262V,20,0.8775510204081632
20230929,allW D262V,expressing,20230929.allW D262V,21,0.8571428571428572
20230929,allW D262V,expressing,20230929.allW D262V,22,0.8367346938775511
20230929,allW D262V,expressing,20230929.allW D262V,23,0.8367346938775511
20230929,allW D262V,expressing,20230929.allW D262V,24,0.7755102040816326
20230929,allW D262V,expressing,20230929.allW D262V,25,0.7551020408163265
20230929,allW D262V,expressing,20230929.allW D262V,26,0.7346938775510203
20230929,allW D262V,expressing,20230929.allW D262V,27,0.7346938775510203
20230929,allW D262V,expressing,20230929.allW D262V,28,0.7346938775510203
20230929,allW D262V,expressing,20230929.allW D262V,29,0.6938775510204082
20230929,allW D262V,expressing,20230929.allW D262V,30,0.6734693877551021
20230929,allW D262V,expressing,20230929.allW D262V,31,0.6734693877551021
20230929,allW D262V,expressing,20230929.allW D262V,32,0.653061224489796
20230929,allW D262V,expressing,20230929.allW D262V,33,0.653061224489796
20230929,allW D262V,expressing,20230929.allW D262V,34,0.6122448979591837
20230929,allW D262V,expressing,20230929.allW D262V,35,0.6122448979591837
20230929,allW D262V,expressing,20230929.allW D262V,36,0.6122448979591837
20230929,allW D262V,expressing,20230929.allW D262V,37,0.6122448979591837
20230929,allW D262V,expressing,20230929.allW D262V,38,0.6122448979591837
20230929,allW D262V,expressing,20230929.allW D262V,39,0.6122448979591837
20230929,allW D262V,expressing,20230929.allW D262V,40,0.5918367346938775
20230929,allW D262V,expressing,20230929.allW D262V,41,0.5918367346938775
20230929,allW D262V,expressing,20230929.allW D262V,42,0.5714285714285714
20230929,allW D262V,expressing,20230929.allW D262V,43,0.5510204081632653
20230929,allW D262V,expressing,20230929.allW D262V,44,0.5306122448979591
20230929,allW D262V,expressing,20230929.allW D262V,45,0.5306122448979591
20230929,allW D262V,expressing,20230929.allW D262V,46,0.5102040816326531
20230929,allW D262V,expressing,20230929.allW D262V,47,0.4897959183673469
20230929,allW D262V,expressing,20230929.allW D262V,48,0.4897959183673469
20230929,allW D262V,expressing,20230929.allW D262V,49,0.4897959183673469
20230929,allW D262V,expressing,20230929.allW D262V,50,0.4897959183673469
20230929,allW D262V,expressing,20230929.allW D262V,51,0.4897959183673469
20230929,allW D262V,expressing,20230929.allW D262V,52,0.4693877551020408
20230929,allW D262V,expressing,20230929.allW D262V,53,0.4693877551020408
20230929,allW D262V,expressing,20230929.allW D262V,54,0.44897959183673475
20230929,allW D262V,expressing,20230929.allW D262V,55,0.44897959183673475
20230929,allW D262V,expressing,20230929.allW D262V,56,0.44897959183673475
20230929,allW D262V,expressing,20230929.allW D262V,57,0.4285714285714286
20230929,allW D262V,expressing,20230929.allW D262V,58,0.4285714285714286
20230929,allW D262V,expressing,20230929.allW D262V,59,0.4285714285714286
20230929,allW D262V,expressing,20230929.allW D262V,60,0.4285714285714286
20230929,allW D262V,expressing,20230929.allW D262V,61,0.4285714285714286
20230929,allW D262V,expressing,20230929.allW D262V,62,0.40816326530612246
20230929,allW D262V,expressing,20230929.allW D262V,63,0.40816326530612246
20230929,allW D262V,expressing,20230929.allW D262V,64,0.36734693877551017
20230929,allW D262V,expressing,20230929.allW D262V,65,0.36734693877551017
20230929,allW D262V,expressing,20230929.allW D262V,66,0.34693877551020413
20230929,allW D262V,expressing,20230929.allW D262V,67,0.34693877551020413
20230929,allW D262V,expressing,20230929.allW D262V,68,0.34693877551020413
20230929,allW D262V,expressing,20230929.allW D262V,69,0.34693877551020413
20230929,allW D262V,expressing,20230929.allW D262V,70,0.34693877551020413
20230929,allW D262V,expressing,20230929.allW D262V,71,0.34693877551020413
20230929,allW D262V,expressing,20230929.allW D262V,72,0.34693877551020413
20230929,allW D262V,expressing,20230929.allW D262V,73,0.34693877551020413
20230929,allW D262V,expressing,20230929.allW D262V,74,0.326530612244898
20230929,allW D262V,expressing,20230929.allW D262V,75,0.30612244897959184
20230929,allW D262V,expressing,20230929.allW D262V,76,0.2857142857142857
20230929,allW D262V,expressing,20230929.allW D262V,77,0.2857142857142857
20230929,allW D262V,expressing,20230929.allW D262V,78,0.2857142857142857
20230929,allW D262V,expressing,20230929.allW D262V,79,0.2857142857142857
20230929,allW D262V,expressing,20230929.allW D262V,80,0.2857142857142857
20230929,allW D262V,expressing,20230929.allW D262V,81,0.26530612244897955
20230929,allW D262V,expressing,20230929.allW D262V,82,0.26530612244897955
20230929,allW D262V,expressing,20230929.allW D262V,83,0.26530612244897955
20230929,allW D262V,expressing,20230929.allW D262V,84,0.26530612244897955
20230929,allW D262V,expressing,20230929.allW D262V,85,0.24489795918367352
20230929,allW D262V,expressing,20230929.allW D262V,86,0.22448979591836737
20230929,allW D262V,expressing,20230929.allW D262V,87,0.22448979591836737
20230929,allW D262V,expressing,20230929.allW D262V,88,0.22448979591836737
20230929,allW D262V,expressing,20230929.allW D262V,89,0.20408163265306123
20230929,allW D262V,expressing,20230929.allW D262V,90,0.18367346938775508
20230929,allW D262V,expressing,20230929.allW D262V,91,0.18367346938775508
20230929,allW D262V,expressing,20230929.allW D262V,92,0.16326530612244894
20230929,allW D262V,expressing,20230929.allW D262V,93,0.16326530612244894
20230929,allW D262V,expressing,20230929.allW D262V,94,0.1428571428571429
20230929,allW D262V,expressing,20230929.allW D262V,95,0.1428571428571429
20230929,allW D262V,expressing,20230929.allW D262V,96,0.1428571428571429
20230929,allW D262V,expressing,20230929.allW D262V,97,0.12244897959183676
20230929,allW D262V,expressing,20230929.allW D262V,98,0.12244897959183676
20230929,allW D262V,expressing,20230929.allW D262V,99,0.12244897959183676
20230929,allW D262V,expressing,20230929.allW D262V,100,0.12244897959183676
20230929,allW D262V,expressing,20230929.allW D262V,101,0.12244897959183676
20230929,allW D262V,expressing,20230929.allW D262V,102,0.12244897959183676
20230929,allW D262V,expressing,20230929.allW D262V,103,0.12244897959183676
20230929,allW D262V,expressing,20230929.allW D262V,104,0.12244897959183676
20230929,allW D262V,expressing,20230929.allW D262V,105,0.12244897959183676
20230929,allW D262V,expressing,20230929.allW D262V,106,0.12244897959183676
20230929,allW D262V,expressing,20230929.allW D262V,107,0.12244897959183676
20230929,allW D262V,expressing,20230929.allW D262V,108,0.08163265306122447
20230929,allW D262V,expressing,20230929.allW D262V,109,0.08163265306122447
20230929,allW D262V,expressing,20230929.allW D262V,110,0.08163265306122447
20230929,allW D262V,expressing,20230929.allW D262V,111,0.08163265306122447
20230929,allW D262V,expressing,20230929.allW D262V,112,0.08163265306122447
20230929,allW D262V,expressing,20230929.allW D262V,113,0.08163265306122447
20230929,allW D262V,expressing,20230929.allW D262V,114,0.08163265306122447
20230929,allW D262V,expressing,20230929.allW D262V,115,0.08163265306122447
20230929,allW D262V,expressing,20230929.allW D262V,116,0.08163265306122447
20230929,allW D262V,expressing,20230929.allW D262V,117,0.08163265306122447
20230929,allW D262V,expressing,20230929.allW D262V,118,0.08163265306122447
20230929,allW D262V,nonexpressing,20230929.allW D262V,0,1
20230929,allW D262V,nonexpressing,20230929.allW D262V,1,1
20230929,allW D262V,nonexpressing,20230929.allW D262V,2,1
20230929,allW D262V,nonexpressing,20230929.allW D262V,3,1
20230929,allW D262V,nonexpressing,20230929.allW D262V,4,1
20230929,allW D262V,nonexpressing,20230929.allW D262V,5,1
20230929,allW D262V,nonexpressing,20230929.allW D262V,6,1
20230929,allW D262V,nonexpressing,20230929.allW D262V,7,1
20230929,allW D262V,nonexpressing,20230929.allW D262V,8,1
20230929,allW D262V,nonexpressing,20230929.allW D262V,9,1
20230929,allW D262V,nonexpressing,20230929.allW D262V,10,1
20230929,allW D262V,nonexpressing,20230929.allW D262V,11,1
20230929,allW D262V,nonexpressing,20230929.allW D262V,12,1
20230929,allW D262V,nonexpressing,20230929.allW D262V,13,1
20230929,allW D262V,nonexpressing,20230929.allW D262V,14,1
20230929,allW D262V,nonexpressing,20230929.allW D262V,15,1
20230929,allW D262V,nonexpressing,20230929.allW D262V,16,1
20230929,allW D262V,nonexpressing,20230929.allW D262V,17,0.9875
20230929,allW D262V,nonexpressing,20230929.allW D262V,18,0.9875
20230929,allW D262V,nonexpressing,20230929.allW D262V,19,0.9875
20230929,allW D262V,nonexpressing,20230929.allW D262V,20,0.9875
20230929,allW D262V,nonexpressing,20230929.allW D262V,21,0.9875
20230929,allW D262V,nonexpressing,20230929.allW D262V,22,0.9875
20230929,allW D262V,nonexpressing,20230929.allW D262V,23,0.9875
20230929,allW D262V,nonexpressing,20230929.allW D262V,24,0.9875
20230929,allW D262V,nonexpressing,20230929.allW D262V,25,0.9875
20230929,allW D262V,nonexpressing,20230929.allW D262V,26,0.975
20230929,allW D262V,nonexpressing,20230929.allW D262V,27,0.975
20230929,allW D262V,nonexpressing,20230929.allW D262V,28,0.975
20230929,allW D262V,nonexpressing,20230929.allW D262V,29,0.9625
20230929,allW D262V,nonexpressing,20230929.allW D262V,30,0.9625
20230929,allW D262V,nonexpressing,20230929.allW D262V,31,0.95
20230929,allW D262V,nonexpressing,20230929.allW D262V,32,0.9375
20230929,allW D262V,nonexpressing,20230929.allW D262V,33,0.9375
20230929,allW D262V,nonexpressing,20230929.allW D262V,34,0.925
20230929,allW D262V,nonexpressing,20230929.allW D262V,35,0.925
20230929,allW D262V,nonexpressing,20230929.allW D262V,36,0.925
20230929,allW D262V,nonexpressing,20230929.allW D262V,37,0.9
20230929,allW D262V,nonexpressing,20230929.allW D262V,38,0.8875
20230929,allW D262V,nonexpressing,20230929.allW D262V,39,0.875
20230929,allW D262V,nonexpressing,20230929.allW D262V,40,0.8625
20230929,allW D262V,nonexpressing,20230929.allW D262V,41,0.8375
20230929,allW D262V,nonexpressing,20230929.allW D262V,42,0.825
20230929,allW D262V,nonexpressing,20230929.allW D262V,43,0.8125
20230929,allW D262V,nonexpressing,20230929.allW D262V,44,0.8125
20230929,allW D262V,nonexpressing,20230929.allW D262V,45,0.8
20230929,allW D262V,nonexpressing,20230929.allW D262V,46,0.7875
20230929,allW D262V,nonexpressing,20230929.allW D262V,47,0.7625
20230929,allW D262V,nonexpressing,20230929.allW D262V,48,0.7625
20230929,allW D262V,nonexpressing,20230929.allW D262V,49,0.7375
20230929,allW D262V,nonexpressing,20230929.allW D262V,50,0.7125
20230929,allW D262V,nonexpressing,20230929.allW D262V,51,0.6875
20230929,allW D262V,nonexpressing,20230929.allW D262V,52,0.6625
20230929,allW D262V,nonexpressing,20230929.allW D262V,53,0.6625
20230929,allW D262V,nonexpressing,20230929.allW D262V,54,0.65
20230929,allW D262V,nonexpressing,20230929.allW D262V,55,0.65
20230929,allW D262V,nonexpressing,20230929.allW D262V,56,0.6375
20230929,allW D262V,nonexpressing,20230929.allW D262V,57,0.6375
20230929,allW D262V,nonexpressing,20230929.allW D262V,58,0.6375
20230929,allW D262V,nonexpressing,20230929.allW D262V,59,0.625
20230929,allW D262V,nonexpressing,20230929.allW D262V,60,0.625
20230929,allW D262V,nonexpressing,20230929.allW D262V,61,0.6
20230929,allW D262V,nonexpressing,20230929.allW D262V,62,0.6
20230929,allW D262V,nonexpressing,20230929.allW D262V,63,0.5875
20230929,allW D262V,nonexpressing,20230929.allW D262V,64,0.575
20230929,allW D262V,nonexpressing,20230929.allW D262V,65,0.575
20230929,allW D262V,nonexpressing,20230929.allW D262V,66,0.5625
20230929,allW D262V,nonexpressing,20230929.allW D262V,67,0.5625
20230929,allW D262V,nonexpressing,20230929.allW D262V,68,0.55
20230929,allW D262V,nonexpressing,20230929.allW D262V,69,0.55
20230929,allW D262V,nonexpressing,20230929.allW D262V,70,0.5375
20230929,allW D262V,nonexpressing,20230929.allW D262V,71,0.525
20230929,allW D262V,nonexpressing,20230929.allW D262V,72,0.525
20230929,allW D262V,nonexpressing,20230929.allW D262V,73,0.525
20230929,allW D262V,nonexpressing,20230929.allW D262V,74,0.5125
20230929,allW D262V,nonexpressing,20230929.allW D262V,75,0.48750000000000004
20230929,allW D262V,nonexpressing,20230929.allW D262V,76,0.475
20230929,allW D262V,nonexpressing,20230929.allW D262V,77,0.44999999999999996
20230929,allW D262V,nonexpressing,20230929.allW D262V,78,0.44999999999999996
20230929,allW D262V,nonexpressing,20230929.allW D262V,79,0.44999999999999996
20230929,allW D262V,nonexpressing,20230929.allW D262V,80,0.44999999999999996
20230929,allW D262V,nonexpressing,20230929.allW D262V,81,0.44999999999999996
20230929,allW D262V,nonexpressing,20230929.allW D262V,82,0.4125
20230929,allW D262V,nonexpressing,20230929.allW D262V,83,0.4
20230929,allW D262V,nonexpressing,20230929.allW D262V,84,0.36250000000000004
20230929,allW D262V,nonexpressing,20230929.allW D262V,85,0.35
20230929,allW D262V,nonexpressing,20230929.allW D262V,86,0.35
20230929,allW D262V,nonexpressing,20230929.allW D262V,87,0.3375
20230929,allW D262V,nonexpressing,20230929.allW D262V,88,0.3125
20230929,allW D262V,nonexpressing,20230929.allW D262V,89,0.3125
20230929,allW D262V,nonexpressing,20230929.allW D262V,90,0.3125
20230929,allW D262V,nonexpressing,20230929.allW D262V,91,0.3125
20230929,allW D262V,nonexpressing,20230929.allW D262V,92,0.3125
20230929,allW D262V,nonexpressing,20230929.allW D262V,93,0.3125
20230929,allW D262V,nonexpressing,20230929.allW D262V,94,0.30000000000000004
20230929,allW D262V,nonexpressing,20230929.allW D262V,95,0.2875
20230929,allW D262V,nonexpressing,20230929.allW D262V,96,0.26249999999999996
20230929,allW D262V,nonexpressing,20230929.allW D262V,97,0.25
20230929,allW D262V,nonexpressing,20230929.allW D262V,98,0.25
20230929,allW D262V,nonexpressing,20230929.allW D262V,99,0.25
20230929,allW D262V,nonexpressing,20230929.allW D262V,100,0.25
20230929,allW D262V,nonexpressing,20230929.allW D262V,101,0.25
20230929,allW D262V,nonexpressing,20230929.allW D262V,102,0.23750000000000004
20230929,allW D262V,nonexpressing,20230929.allW D262V,103,0.22499999999999998
20230929,allW D262V,nonexpressing,20230929.allW D262V,104,0.22499999999999998
20230929,allW D262V,nonexpressing,20230929.allW D262V,105,0.22499999999999998
20230929,allW D262V,nonexpressing,20230929.allW D262V,106,0.22499999999999998
20230929,allW D262V,nonexpressing,20230929.allW D262V,107,0.21250000000000002
20230929,allW D262V,nonexpressing,20230929.allW D262V,108,0.21250000000000002
20230929,allW D262V,nonexpressing,20230929.allW D262V,109,0.19999999999999996
20230929,allW D262V,nonexpressing,20230929.allW D262V,110,0.19999999999999996
20230929,allW D262V,nonexpressing,20230929.allW D262V,111,0.19999999999999996
20230929,allW D262V,nonexpressing,20230929.allW D262V,112,0.19999999999999996
20230929,allW D262V,nonexpressing,20230929.allW D262V,113,0.1875
20230929,allW D262V,nonexpressing,20230929.allW D262V,114,0.17500000000000004
20230929,allW D262V,nonexpressing,20230929.allW D262V,115,0.17500000000000004
20230929,allW D262V,nonexpressing,20230929.allW D262V,116,0.15000000000000002
20230929,allW D262V,nonexpressing,20230929.allW D262V,117,0.15000000000000002
20230929,allW D262V,nonexpressing,20230929.allW D262V,118,0.125
20231004,allW D262V,expressing,20231004.allW D262V,0,1
20231004,allW D262V,expressing,20231004.allW D262V,1,1
20231004,allW D262V,expressing,20231004.allW D262V,2,1
20231004,allW D262V,expressing,20231004.allW D262V,3,1
20231004,allW D262V,expressing,20231004.allW D262V,4,1
20231004,allW D262V,expressing,20231004.allW D262V,5,1
20231004,allW D262V,expressing,20231004.allW D262V,6,1
20231004,allW D262V,expressing,20231004.allW D262V,7,1
20231004,allW D262V,expressing,20231004.allW D262V,8,1
20231004,allW D262V,expressing,20231004.allW D262V,9,1
20231004,allW D262V,expressing,20231004.allW D262V,10,1
20231004,allW D262V,expressing,20231004.allW D262V,11,1
20231004,allW D262V,expressing,20231004.allW D262V,12,1
20231004,allW D262V,expressing,20231004.allW D262V,13,1
20231004,allW D262V,expressing,20231004.allW D262V,14,0.9863013698630136
20231004,allW D262V,expressing,20231004.allW D262V,15,0.9726027397260274
20231004,allW D262V,expressing,20231004.allW D262V,16,0.9452054794520548
20231004,allW D262V,expressing,20231004.allW D262V,17,0.9315068493150684
20231004,allW D262V,expressing,20231004.allW D262V,18,0.9315068493150684
20231004,allW D262V,expressing,20231004.allW D262V,19,0.9315068493150684
20231004,allW D262V,expressing,20231004.allW D262V,20,0.9178082191780822
20231004,allW D262V,expressing,20231004.allW D262V,21,0.9178082191780822
20231004,allW D262V,expressing,20231004.allW D262V,22,0.9178082191780822
20231004,allW D262V,expressing,20231004.allW D262V,23,0.904109589041096
20231004,allW D262V,expressing,20231004.allW D262V,24,0.904109589041096
20231004,allW D262V,expressing,20231004.allW D262V,25,0.904109589041096
20231004,allW D262V,expressing,20231004.allW D262V,26,0.8904109589041096
20231004,allW D262V,expressing,20231004.allW D262V,27,0.8904109589041096
20231004,allW D262V,expressing,20231004.allW D262V,28,0.863013698630137
20231004,allW D262V,expressing,20231004.allW D262V,29,0.8356164383561644
20231004,allW D262V,expressing,20231004.allW D262V,30,0.8356164383561644
20231004,allW D262V,expressing,20231004.allW D262V,31,0.8356164383561644
20231004,allW D262V,expressing,20231004.allW D262V,32,0.8356164383561644
20231004,allW D262V,expressing,20231004.allW D262V,33,0.821917808219178
20231004,allW D262V,expressing,20231004.allW D262V,34,0.821917808219178
20231004,allW D262V,expressing,20231004.allW D262V,35,0.7945205479452055
20231004,allW D262V,expressing,20231004.allW D262V,36,0.7945205479452055
20231004,allW D262V,expressing,20231004.allW D262V,37,0.7945205479452055
20231004,allW D262V,expressing,20231004.allW D262V,38,0.7808219178082192
20231004,allW D262V,expressing,20231004.allW D262V,39,0.7808219178082192
20231004,allW D262V,expressing,20231004.allW D262V,40,0.7808219178082192
20231004,allW D262V,expressing,20231004.allW D262V,41,0.7534246575342466
20231004,allW D262V,expressing,20231004.allW D262V,42,0.7123287671232876
20231004,allW D262V,expressing,20231004.allW D262V,43,0.6849315068493151
20231004,allW D262V,expressing,20231004.allW D262V,44,0.6575342465753424
20231004,allW D262V,expressing,20231004.allW D262V,45,0.6575342465753424
20231004,allW D262V,expressing,20231004.allW D262V,46,0.6575342465753424
20231004,allW D262V,expressing,20231004.allW D262V,47,0.6438356164383562
20231004,allW D262V,expressing,20231004.allW D262V,48,0.6438356164383562
20231004,allW D262V,expressing,20231004.allW D262V,49,0.6301369863013699
20231004,allW D262V,expressing,20231004.allW D262V,50,0.6301369863013699
20231004,allW D262V,expressing,20231004.allW D262V,51,0.6301369863013699
20231004,allW D262V,expressing,20231004.allW D262V,52,0.6301369863013699
20231004,allW D262V,expressing,20231004.allW D262V,53,0.6164383561643836
20231004,allW D262V,expressing,20231004.allW D262V,54,0.6164383561643836
20231004,allW D262V,expressing,20231004.allW D262V,55,0.6164383561643836
20231004,allW D262V,expressing,20231004.allW D262V,56,0.6027397260273972
20231004,allW D262V,expressing,20231004.allW D262V,57,0.589041095890411
20231004,allW D262V,expressing,20231004.allW D262V,58,0.589041095890411
20231004,allW D262V,expressing,20231004.allW D262V,59,0.5753424657534247
20231004,allW D262V,expressing,20231004.allW D262V,60,0.5616438356164384
20231004,allW D262V,expressing,20231004.allW D262V,61,0.547945205479452
20231004,allW D262V,expressing,20231004.allW D262V,62,0.547945205479452
20231004,allW D262V,expressing,20231004.allW D262V,63,0.547945205479452
20231004,allW D262V,expressing,20231004.allW D262V,64,0.5342465753424658
20231004,allW D262V,expressing,20231004.allW D262V,65,0.5342465753424658
20231004,allW D262V,expressing,20231004.allW D262V,66,0.5205479452054795
20231004,allW D262V,expressing,20231004.allW D262V,67,0.4931506849315068
20231004,allW D262V,expressing,20231004.allW D262V,68,0.4794520547945206
20231004,allW D262V,expressing,20231004.allW D262V,69,0.4657534246575342
20231004,allW D262V,expressing,20231004.allW D262V,70,0.452054794520548
20231004,allW D262V,expressing,20231004.allW D262V,71,0.4383561643835616
20231004,allW D262V,expressing,20231004.allW D262V,72,0.410958904109589
20231004,allW D262V,expressing,20231004.allW D262V,73,0.410958904109589
20231004,allW D262V,expressing,20231004.allW D262V,74,0.410958904109589
20231004,allW D262V,expressing,20231004.allW D262V,75,0.3972602739726028
20231004,allW D262V,expressing,20231004.allW D262V,76,0.3835616438356164
20231004,allW D262V,expressing,20231004.allW D262V,77,0.3835616438356164
20231004,allW D262V,expressing,20231004.allW D262V,78,0.3835616438356164
20231004,allW D262V,expressing,20231004.allW D262V,79,0.3835616438356164
20231004,allW D262V,expressing,20231004.allW D262V,80,0.3561643835616438
20231004,allW D262V,expressing,20231004.allW D262V,81,0.3561643835616438
20231004,allW D262V,expressing,20231004.allW D262V,82,0.34246575342465757
20231004,allW D262V,expressing,20231004.allW D262V,83,0.3287671232876712
20231004,allW D262V,expressing,20231004.allW D262V,84,0.31506849315068497
20231004,allW D262V,expressing,20231004.allW D262V,85,0.31506849315068497
20231004,allW D262V,expressing,20231004.allW D262V,86,0.31506849315068497
20231004,allW D262V,expressing,20231004.allW D262V,87,0.31506849315068497
20231004,allW D262V,expressing,20231004.allW D262V,88,0.28767123287671237
20231004,allW D262V,expressing,20231004.allW D262V,89,0.273972602739726
20231004,allW D262V,expressing,20231004.allW D262V,90,0.273972602739726
20231004,allW D262V,expressing,20231004.allW D262V,91,0.273972602739726
20231004,allW D262V,expressing,20231004.allW D262V,92,0.26027397260273977
20231004,allW D262V,expressing,20231004.allW D262V,93,0.26027397260273977
20231004,allW D262V,expressing,20231004.allW D262V,94,0.2465753424657534
20231004,allW D262V,expressing,20231004.allW D262V,95,0.2465753424657534
20231004,allW D262V,expressing,20231004.allW D262V,96,0.2465753424657534
20231004,allW D262V,expressing,20231004.allW D262V,97,0.2465753424657534
20231004,allW D262V,expressing,20231004.allW D262V,98,0.2465753424657534
20231004,allW D262V,expressing,20231004.allW D262V,99,0.2465753424657534
20231004,allW D262V,expressing,20231004.allW D262V,100,0.2465753424657534
20231004,allW D262V,expressing,20231004.allW D262V,101,0.2465753424657534
20231004,allW D262V,expressing,20231004.allW D262V,102,0.2191780821917808
20231004,allW D262V,expressing,20231004.allW D262V,103,0.20547945205479456
20231004,allW D262V,expressing,20231004.allW D262V,104,0.20547945205479456
20231004,allW D262V,expressing,20231004.allW D262V,105,0.1917808219178082
20231004,allW D262V,expressing,20231004.allW D262V,106,0.1917808219178082
20231004,allW D262V,expressing,20231004.allW D262V,107,0.1917808219178082
20231004,allW D262V,expressing,20231004.allW D262V,108,0.1917808219178082
20231004,allW D262V,expressing,20231004.allW D262V,109,0.1917808219178082
20231004,allW D262V,expressing,20231004.allW D262V,110,0.1917808219178082
20231004,allW D262V,expressing,20231004.allW D262V,111,0.1917808219178082
20231004,allW D262V,expressing,20231004.allW D262V,112,0.17808219178082196
20231004,allW D262V,expressing,20231004.allW D262V,113,0.17808219178082196
20231004,allW D262V,expressing,20231004.allW D262V,114,0.17808219178082196
20231004,allW D262V,expressing,20231004.allW D262V,115,0.17808219178082196
20231004,allW D262V,expressing,20231004.allW D262V,116,0.17808219178082196
20231004,allW D262V,expressing,20231004.allW D262V,117,0.17808219178082196
20231004,allW D262V,expressing,20231004.allW D262V,118,0.17808219178082196
20231004,allW D262V,nonexpressing,20231004.allW D262V,0,1
20231004,allW D262V,nonexpressing,20231004.allW D262V,1,1
20231004,allW D262V,nonexpressing,20231004.allW D262V,2,1
20231004,allW D262V,nonexpressing,20231004.allW D262V,3,1
20231004,allW D262V,nonexpressing,20231004.allW D262V,4,1
20231004,allW D262V,nonexpressing,20231004.allW D262V,5,1
20231004,allW D262V,nonexpressing,20231004.allW D262V,6,1
20231004,allW D262V,nonexpressing,20231004.allW D262V,7,1
20231004,allW D262V,nonexpressing,20231004.allW D262V,8,1
20231004,allW D262V,nonexpressing,20231004.allW D262V,9,1
20231004,allW D262V,nonexpressing,20231004.allW D262V,10,1
20231004,allW D262V,nonexpressing,20231004.allW D262V,11,1
20231004,allW D262V,nonexpressing,20231004.allW D262V,12,1
20231004,allW D262V,nonexpressing,20231004.allW D262V,13,1
20231004,allW D262V,nonexpressing,20231004.allW D262V,14,1
20231004,allW D262V,nonexpressing,20231004.allW D262V,15,0.9868421052631579
20231004,allW D262V,nonexpressing,20231004.allW D262V,16,0.9868421052631579
20231004,allW D262V,nonexpressing,20231004.allW D262V,17,0.9868421052631579
20231004,allW D262V,nonexpressing,20231004.allW D262V,18,0.9868421052631579
20231004,allW D262V,nonexpressing,20231004.allW D262V,19,0.9868421052631579
20231004,allW D262V,nonexpressing,20231004.allW D262V,20,0.9736842105263158
20231004,allW D262V,nonexpressing,20231004.allW D262V,21,0.9605263157894737
20231004,allW D262V,nonexpressing,20231004.allW D262V,22,0.9605263157894737
20231004,allW D262V,nonexpressing,20231004.allW D262V,23,0.9605263157894737
20231004,allW D262V,nonexpressing,20231004.allW D262V,24,0.9473684210526316
20231004,allW D262V,nonexpressing,20231004.allW D262V,25,0.9473684210526316
20231004,allW D262V,nonexpressing,20231004.allW D262V,26,0.9342105263157895
20231004,allW D262V,nonexpressing,20231004.allW D262V,27,0.9210526315789473
20231004,allW D262V,nonexpressing,20231004.allW D262V,28,0.9078947368421053
20231004,allW D262V,nonexpressing,20231004.allW D262V,29,0.9078947368421053
20231004,allW D262V,nonexpressing,20231004.allW D262V,30,0.8947368421052632
20231004,allW D262V,nonexpressing,20231004.allW D262V,31,0.881578947368421
20231004,allW D262V,nonexpressing,20231004.allW D262V,32,0.881578947368421
20231004,allW D262V,nonexpressing,20231004.allW D262V,33,0.868421052631579
20231004,allW D262V,nonexpressing,20231004.allW D262V,34,0.868421052631579
20231004,allW D262V,nonexpressing,20231004.allW D262V,35,0.868421052631579
20231004,allW D262V,nonexpressing,20231004.allW D262V,36,0.8552631578947368
20231004,allW D262V,nonexpressing,20231004.allW D262V,37,0.8421052631578947
20231004,allW D262V,nonexpressing,20231004.allW D262V,38,0.8421052631578947
20231004,allW D262V,nonexpressing,20231004.allW D262V,39,0.8421052631578947
20231004,allW D262V,nonexpressing,20231004.allW D262V,40,0.8289473684210527
20231004,allW D262V,nonexpressing,20231004.allW D262V,41,0.8289473684210527
20231004,allW D262V,nonexpressing,20231004.allW D262V,42,0.8157894736842105
20231004,allW D262V,nonexpressing,20231004.allW D262V,43,0.8157894736842105
20231004,allW D262V,nonexpressing,20231004.allW D262V,44,0.7894736842105263
20231004,allW D262V,nonexpressing,20231004.allW D262V,45,0.7763157894736842
20231004,allW D262V,nonexpressing,20231004.allW D262V,46,0.7631578947368421
20231004,allW D262V,nonexpressing,20231004.allW D262V,47,0.75
20231004,allW D262V,nonexpressing,20231004.allW D262V,48,0.736842105263158
20231004,allW D262V,nonexpressing,20231004.allW D262V,49,0.7105263157894737
20231004,allW D262V,nonexpressing,20231004.allW D262V,50,0.7105263157894737
20231004,allW D262V,nonexpressing,20231004.allW D262V,51,0.6973684210526316
20231004,allW D262V,nonexpressing,20231004.allW D262V,52,0.6842105263157895
20231004,allW D262V,nonexpressing,20231004.allW D262V,53,0.6842105263157895
20231004,allW D262V,nonexpressing,20231004.allW D262V,54,0.6842105263157895
20231004,allW D262V,nonexpressing,20231004.allW D262V,55,0.631578947368421
20231004,allW D262V,nonexpressing,20231004.allW D262V,56,0.631578947368421
20231004,allW D262V,nonexpressing,20231004.allW D262V,57,0.618421052631579
20231004,allW D262V,nonexpressing,20231004.allW D262V,58,0.618421052631579
20231004,allW D262V,nonexpressing,20231004.allW D262V,59,0.618421052631579
20231004,allW D262V,nonexpressing,20231004.allW D262V,60,0.618421052631579
20231004,allW D262V,nonexpressing,20231004.allW D262V,61,0.618421052631579
20231004,allW D262V,nonexpressing,20231004.allW D262V,62,0.618421052631579
20231004,allW D262V,nonexpressing,20231004.allW D262V,63,0.6052631578947368
20231004,allW D262V,nonexpressing,20231004.allW D262V,64,0.6052631578947368
20231004,allW D262V,nonexpressing,20231004.allW D262V,65,0.6052631578947368
20231004,allW D262V,nonexpressing,20231004.allW D262V,66,0.6052631578947368
20231004,allW D262V,nonexpressing,20231004.allW D262V,67,0.6052631578947368
20231004,allW D262V,nonexpressing,20231004.allW D262V,68,0.6052631578947368
20231004,allW D262V,nonexpressing,20231004.allW D262V,69,0.5789473684210527
20231004,allW D262V,nonexpressing,20231004.allW D262V,70,0.5789473684210527
20231004,allW D262V,nonexpressing,20231004.allW D262V,71,0.5526315789473684
20231004,allW D262V,nonexpressing,20231004.allW D262V,72,0.5394736842105263
20231004,allW D262V,nonexpressing,20231004.allW D262V,73,0.5394736842105263
20231004,allW D262V,nonexpressing,20231004.allW D262V,74,0.5263157894736843
20231004,allW D262V,nonexpressing,20231004.allW D262V,75,0.5263157894736843
20231004,allW D262V,nonexpressing,20231004.allW D262V,76,0.513157894736842
20231004,allW D262V,nonexpressing,20231004.allW D262V,77,0.513157894736842
20231004,allW D262V,nonexpressing,20231004.allW D262V,78,0.513157894736842
20231004,allW D262V,nonexpressing,20231004.allW D262V,79,0.48684210526315785
20231004,allW D262V,nonexpressing,20231004.allW D262V,80,0.48684210526315785
20231004,allW D262V,nonexpressing,20231004.allW D262V,81,0.48684210526315785
20231004,allW D262V,nonexpressing,20231004.allW D262V,82,0.4736842105263158
20231004,allW D262V,nonexpressing,20231004.allW D262V,83,0.4736842105263158
20231004,allW D262V,nonexpressing,20231004.allW D262V,84,0.4736842105263158
20231004,allW D262V,nonexpressing,20231004.allW D262V,85,0.4736842105263158
20231004,allW D262V,nonexpressing,20231004.allW D262V,86,0.4736842105263158
20231004,allW D262V,nonexpressing,20231004.allW D262V,87,0.4736842105263158
20231004,allW D262V,nonexpressing,20231004.allW D262V,88,0.4736842105263158
20231004,allW D262V,nonexpressing,20231004.allW D262V,89,0.4605263157894737
20231004,allW D262V,nonexpressing,20231004.allW D262V,90,0.4473684210526315
20231004,allW D262V,nonexpressing,20231004.allW D262V,91,0.4342105263157895
20231004,allW D262V,nonexpressing,20231004.allW D262V,92,0.4342105263157895
20231004,allW D262V,nonexpressing,20231004.allW D262V,93,0.42105263157894735
20231004,allW D262V,nonexpressing,20231004.allW D262V,94,0.42105263157894735
20231004,allW D262V,nonexpressing,20231004.allW D262V,95,0.39473684210526316
20231004,allW D262V,nonexpressing,20231004.allW D262V,96,0.368421052631579
20231004,allW D262V,nonexpressing,20231004.allW D262V,97,0.368421052631579
20231004,allW D262V,nonexpressing,20231004.allW D262V,98,0.368421052631579
20231004,allW D262V,nonexpressing,20231004.allW D262V,99,0.3421052631578947
20231004,allW D262V,nonexpressing,20231004.allW D262V,100,0.32894736842105265
20231004,allW D262V,nonexpressing,20231004.allW D262V,101,0.3026315789473685
20231004,allW D262V,nonexpressing,20231004.allW D262V,102,0.2894736842105263
20231004,allW D262V,nonexpressing,20231004.allW D262V,103,0.2763157894736842
20231004,allW D262V,nonexpressing,20231004.allW D262V,104,0.2763157894736842
20231004,allW D262V,nonexpressing,20231004.allW D262V,105,0.2763157894736842
20231004,allW D262V,nonexpressing,20231004.allW D262V,106,0.2763157894736842
20231004,allW D262V,nonexpressing,20231004.allW D262V,107,0.26315789473684215
20231004,allW D262V,nonexpressing,20231004.allW D262V,108,0.26315789473684215
20231004,allW D262V,nonexpressing,20231004.allW D262V,109,0.26315789473684215
20231004,allW D262V,nonexpressing,20231004.allW D262V,110,0.26315789473684215
20231004,allW D262V,nonexpressing,20231004.allW D262V,111,0.26315789473684215
20231004,allW D262V,nonexpressing,20231004.allW D262V,112,0.25
20231004,allW D262V,nonexpressing,20231004.allW D262V,113,0.25
20231004,allW D262V,nonexpressing,20231004.allW D262V,114,0.25
20231004,allW D262V,nonexpressing,20231004.allW D262V,115,0.23684210526315785
20231004,allW D262V,nonexpressing,20231004.allW D262V,116,0.21052631578947367
20231004,allW D262V,nonexpressing,20231004.allW D262V,117,0.21052631578947367
20231004,allW D262V,nonexpressing,20231004.allW D262V,118,0.17105263157894735
20231005,allW D262V,expressing,20231005.allW D262V,0,1
20231005,allW D262V,expressing,20231005.allW D262V,1,1
20231005,allW D262V,expressing,20231005.allW D262V,2,1
20231005,allW D262V,expressing,20231005.allW D262V,3,1
20231005,allW D262V,expressing,20231005.allW D262V,4,1
20231005,allW D262V,expressing,20231005.allW D262V,5,1
20231005,allW D262V,expressing,20231005.allW D262V,6,1
20231005,allW D262V,expressing,20231005.allW D262V,7,1
20231005,allW D262V,expressing,20231005.allW D262V,8,1
20231005,allW D262V,expressing,20231005.allW D262V,9,1
20231005,allW D262V,expressing,20231005.allW D262V,10,1
20231005,allW D262V,expressing,20231005.allW D262V,11,1
20231005,allW D262V,expressing,20231005.allW D262V,12,1
20231005,allW D262V,expressing,20231005.allW D262V,13,0.9818181818181818
20231005,allW D262V,expressing,20231005.allW D262V,14,0.9818181818181818
20231005,allW D262V,expressing,20231005.allW D262V,15,0.9818181818181818
20231005,allW D262V,expressing,20231005.allW D262V,16,0.9818181818181818
20231005,allW D262V,expressing,20231005.allW D262V,17,0.9818181818181818
20231005,allW D262V,expressing,20231005.allW D262V,18,0.9818181818181818
20231005,allW D262V,expressing,20231005.allW D262V,19,0.9818181818181818
20231005,allW D262V,expressing,20231005.allW D262V,20,0.9818181818181818
20231005,allW D262V,expressing,20231005.allW D262V,21,0.9818181818181818
20231005,allW D262V,expressing,20231005.allW D262V,22,0.9818181818181818
20231005,allW D262V,expressing,20231005.allW D262V,23,0.9454545454545454
20231005,allW D262V,expressing,20231005.allW D262V,24,0.9454545454545454
20231005,allW D262V,expressing,20231005.allW D262V,25,0.9454545454545454
20231005,allW D262V,expressing,20231005.allW D262V,26,0.9272727272727272
20231005,allW D262V,expressing,20231005.allW D262V,27,0.9272727272727272
20231005,allW D262V,expressing,20231005.allW D262V,28,0.9272727272727272
20231005,allW D262V,expressing,20231005.allW D262V,29,0.9090909090909091
20231005,allW D262V,expressing,20231005.allW D262V,30,0.9090909090909091
20231005,allW D262V,expressing,20231005.allW D262V,31,0.8909090909090909
20231005,allW D262V,expressing,20231005.allW D262V,32,0.8363636363636364
20231005,allW D262V,expressing,20231005.allW D262V,33,0.8181818181818181
20231005,allW D262V,expressing,20231005.allW D262V,34,0.8
20231005,allW D262V,expressing,20231005.allW D262V,35,0.7818181818181819
20231005,allW D262V,expressing,20231005.allW D262V,36,0.7454545454545455
20231005,allW D262V,expressing,20231005.allW D262V,37,0.7272727272727273
20231005,allW D262V,expressing,20231005.allW D262V,38,0.7272727272727273
20231005,allW D262V,expressing,20231005.allW D262V,39,0.7272727272727273
20231005,allW D262V,expressing,20231005.allW D262V,40,0.7272727272727273
20231005,allW D262V,expressing,20231005.allW D262V,41,0.7272727272727273
20231005,allW D262V,expressing,20231005.allW D262V,42,0.7272727272727273
20231005,allW D262V,expressing,20231005.allW D262V,43,0.7272727272727273
20231005,allW D262V,expressing,20231005.allW D262V,44,0.7272727272727273
20231005,allW D262V,expressing,20231005.allW D262V,45,0.6727272727272727
20231005,allW D262V,expressing,20231005.allW D262V,46,0.6545454545454545
20231005,allW D262V,expressing,20231005.allW D262V,47,0.6545454545454545
20231005,allW D262V,expressing,20231005.allW D262V,48,0.6363636363636364
20231005,allW D262V,expressing,20231005.allW D262V,49,0.6363636363636364
20231005,allW D262V,expressing,20231005.allW D262V,50,0.6
20231005,allW D262V,expressing,20231005.allW D262V,51,0.6
20231005,allW D262V,expressing,20231005.allW D262V,52,0.5818181818181818
20231005,allW D262V,expressing,20231005.allW D262V,53,0.5818181818181818
20231005,allW D262V,expressing,20231005.allW D262V,54,0.5454545454545454
20231005,allW D262V,expressing,20231005.allW D262V,55,0.5454545454545454
20231005,allW D262V,expressing,20231005.allW D262V,56,0.5454545454545454
20231005,allW D262V,expressing,20231005.allW D262V,57,0.5454545454545454
20231005,allW D262V,expressing,20231005.allW D262V,58,0.5454545454545454
20231005,allW D262V,expressing,20231005.allW D262V,59,0.5454545454545454
20231005,allW D262V,expressing,20231005.allW D262V,60,0.5272727272727273
20231005,allW D262V,expressing,20231005.allW D262V,61,0.4727272727272728
20231005,allW D262V,expressing,20231005.allW D262V,62,0.4727272727272728
20231005,allW D262V,expressing,20231005.allW D262V,63,0.4727272727272728
20231005,allW D262V,expressing,20231005.allW D262V,64,0.4545454545454546
20231005,allW D262V,expressing,20231005.allW D262V,65,0.4545454545454546
20231005,allW D262V,expressing,20231005.allW D262V,66,0.4545454545454546
20231005,allW D262V,expressing,20231005.allW D262V,67,0.4545454545454546
20231005,allW D262V,expressing,20231005.allW D262V,68,0.4363636363636364
20231005,allW D262V,expressing,20231005.allW D262V,69,0.4
20231005,allW D262V,expressing,20231005.allW D262V,70,0.4
20231005,allW D262V,expressing,20231005.allW D262V,71,0.4
20231005,allW D262V,expressing,20231005.allW D262V,72,0.36363636363636365
20231005,allW D262V,expressing,20231005.allW D262V,73,0.36363636363636365
20231005,allW D262V,expressing,20231005.allW D262V,74,0.36363636363636365
20231005,allW D262V,expressing,20231005.allW D262V,75,0.36363636363636365
20231005,allW D262V,expressing,20231005.allW D262V,76,0.36363636363636365
20231005,allW D262V,expressing,20231005.allW D262V,77,0.34545454545454546
20231005,allW D262V,expressing,20231005.allW D262V,78,0.34545454545454546
20231005,allW D262V,expressing,20231005.allW D262V,79,0.34545454545454546
20231005,allW D262V,expressing,20231005.allW D262V,80,0.34545454545454546
20231005,allW D262V,expressing,20231005.allW D262V,81,0.32727272727272727
20231005,allW D262V,expressing,20231005.allW D262V,82,0.32727272727272727
20231005,allW D262V,expressing,20231005.allW D262V,83,0.32727272727272727
20231005,allW D262V,expressing,20231005.allW D262V,84,0.32727272727272727
20231005,allW D262V,expressing,20231005.allW D262V,85,0.3090909090909091
20231005,allW D262V,expressing,20231005.allW D262V,86,0.2909090909090909
20231005,allW D262V,expressing,20231005.allW D262V,87,0.2909090909090909
20231005,allW D262V,expressing,20231005.allW D262V,88,0.2909090909090909
20231005,allW D262V,expressing,20231005.allW D262V,89,0.2909090909090909
20231005,allW D262V,expressing,20231005.allW D262V,90,0.2909090909090909
20231005,allW D262V,expressing,20231005.allW D262V,91,0.2909090909090909
20231005,allW D262V,expressing,20231005.allW D262V,92,0.2909090909090909
20231005,allW D262V,expressing,20231005.allW D262V,93,0.2909090909090909
20231005,allW D262V,expressing,20231005.allW D262V,94,0.2727272727272727
20231005,allW D262V,expressing,20231005.allW D262V,95,0.2727272727272727
20231005,allW D262V,expressing,20231005.allW D262V,96,0.2727272727272727
20231005,allW D262V,expressing,20231005.allW D262V,97,0.2727272727272727
20231005,allW D262V,expressing,20231005.allW D262V,98,0.2545454545454545
20231005,allW D262V,expressing,20231005.allW D262V,99,0.2545454545454545
20231005,allW D262V,expressing,20231005.allW D262V,100,0.2545454545454545
20231005,allW D262V,expressing,20231005.allW D262V,101,0.2545454545454545
20231005,allW D262V,expressing,20231005.allW D262V,102,0.2545454545454545
20231005,allW D262V,expressing,20231005.allW D262V,103,0.2545454545454545
20231005,allW D262V,expressing,20231005.allW D262V,104,0.2545454545454545
20231005,allW D262V,expressing,20231005.allW D262V,105,0.2545454545454545
20231005,allW D262V,expressing,20231005.allW D262V,106,0.2545454545454545
20231005,allW D262V,expressing,20231005.allW D262V,107,0.2545454545454545
20231005,allW D262V,expressing,20231005.allW D262V,108,0.2545454545454545
20231005,allW D262V,expressing,20231005.allW D262V,109,0.2545454545454545
20231005,allW D262V,expressing,20231005.allW D262V,110,0.2545454545454545
20231005,allW D262V,expressing,20231005.allW D262V,111,0.2545454545454545
20231005,allW D262V,expressing,20231005.allW D262V,112,0.2545454545454545
20231005,allW D262V,expressing,20231005.allW D262V,113,0.2545454545454545
20231005,allW D262V,expressing,20231005.allW D262V,114,0.2545454545454545
20231005,allW D262V,expressing,20231005.allW D262V,115,0.2545454545454545
20231005,allW D262V,expressing,20231005.allW D262V,116,0.23636363636363633
20231005,allW D262V,expressing,20231005.allW D262V,117,0.23636363636363633
20231005,allW D262V,expressing,20231005.allW D262V,118,0.23636363636363633
20231005,allW D262V,nonexpressing,20231005.allW D262V,0,1
20231005,allW D262V,nonexpressing,20231005.allW D262V,1,1
20231005,allW D262V,nonexpressing,20231005.allW D262V,2,1
20231005,allW D262V,nonexpressing,20231005.allW D262V,3,1
20231005,allW D262V,nonexpressing,20231005.allW D262V,4,1
20231005,allW D262V,nonexpressing,20231005.allW D262V,5,1
20231005,allW D262V,nonexpressing,20231005.allW D262V,6,1
20231005,allW D262V,nonexpressing,20231005.allW D262V,7,1
20231005,allW D262V,nonexpressing,20231005.allW D262V,8,1
20231005,allW D262V,nonexpressing,20231005.allW D262V,9,1
20231005,allW D262V,nonexpressing,20231005.allW D262V,10,1
20231005,allW D262V,nonexpressing,20231005.allW D262V,11,1
20231005,allW D262V,nonexpressing,20231005.allW D262V,12,0.975
20231005,allW D262V,nonexpressing,20231005.allW D262V,13,0.975
20231005,allW D262V,nonexpressing,20231005.allW D262V,14,0.975
20231005,allW D262V,nonexpressing,20231005.allW D262V,15,0.975
20231005,allW D262V,nonexpressing,20231005.allW D262V,16,0.975
20231005,allW D262V,nonexpressing,20231005.allW D262V,17,0.975
20231005,allW D262V,nonexpressing,20231005.allW D262V,18,0.975
20231005,allW D262V,nonexpressing,20231005.allW D262V,19,0.975
20231005,allW D262V,nonexpressing,20231005.allW D262V,20,0.975
20231005,allW D262V,nonexpressing,20231005.allW D262V,21,0.975
20231005,allW D262V,nonexpressing,20231005.allW D262V,22,0.9625
20231005,allW D262V,nonexpressing,20231005.allW D262V,23,0.95
20231005,allW D262V,nonexpressing,20231005.allW D262V,24,0.95
20231005,allW D262V,nonexpressing,20231005.allW D262V,25,0.925
20231005,allW D262V,nonexpressing,20231005.allW D262V,26,0.925
20231005,allW D262V,nonexpressing,20231005.allW D262V,27,0.925
20231005,allW D262V,nonexpressing,20231005.allW D262V,28,0.9
20231005,allW D262V,nonexpressing,20231005.allW D262V,29,0.8875
20231005,allW D262V,nonexpressing,20231005.allW D262V,30,0.875
20231005,allW D262V,nonexpressing,20231005.allW D262V,31,0.875
20231005,allW D262V,nonexpressing,20231005.allW D262V,32,0.85
20231005,allW D262V,nonexpressing,20231005.allW D262V,33,0.85
20231005,allW D262V,nonexpressing,20231005.allW D262V,34,0.8375
20231005,allW D262V,nonexpressing,20231005.allW D262V,35,0.8
20231005,allW D262V,nonexpressing,20231005.allW D262V,36,0.8
20231005,allW D262V,nonexpressing,20231005.allW D262V,37,0.775
20231005,allW D262V,nonexpressing,20231005.allW D262V,38,0.775
20231005,allW D262V,nonexpressing,20231005.allW D262V,39,0.775
20231005,allW D262V,nonexpressing,20231005.allW D262V,40,0.775
20231005,allW D262V,nonexpressing,20231005.allW D262V,41,0.775
20231005,allW D262V,nonexpressing,20231005.allW D262V,42,0.775
20231005,allW D262V,nonexpressing,20231005.allW D262V,43,0.7625
20231005,allW D262V,nonexpressing,20231005.allW D262V,44,0.7625
20231005,allW D262V,nonexpressing,20231005.allW D262V,45,0.725
20231005,allW D262V,nonexpressing,20231005.allW D262V,46,0.6875
20231005,allW D262V,nonexpressing,20231005.allW D262V,47,0.6625
20231005,allW D262V,nonexpressing,20231005.allW D262V,48,0.625
20231005,allW D262V,nonexpressing,20231005.allW D262V,49,0.6125
20231005,allW D262V,nonexpressing,20231005.allW D262V,50,0.5875
20231005,allW D262V,nonexpressing,20231005.allW D262V,51,0.55
20231005,allW D262V,nonexpressing,20231005.allW D262V,52,0.525
20231005,allW D262V,nonexpressing,20231005.allW D262V,53,0.525
20231005,allW D262V,nonexpressing,20231005.allW D262V,54,0.525
20231005,allW D262V,nonexpressing,20231005.allW D262V,55,0.5
20231005,allW D262V,nonexpressing,20231005.allW D262V,56,0.48750000000000004
20231005,allW D262V,nonexpressing,20231005.allW D262V,57,0.475
20231005,allW D262V,nonexpressing,20231005.allW D262V,58,0.475
20231005,allW D262V,nonexpressing,20231005.allW D262V,59,0.4625
20231005,allW D262V,nonexpressing,20231005.allW D262V,60,0.4625
20231005,allW D262V,nonexpressing,20231005.allW D262V,61,0.4625
20231005,allW D262V,nonexpressing,20231005.allW D262V,62,0.4625
20231005,allW D262V,nonexpressing,20231005.allW D262V,63,0.44999999999999996
20231005,allW D262V,nonexpressing,20231005.allW D262V,64,0.4375
20231005,allW D262V,nonexpressing,20231005.allW D262V,65,0.42500000000000004
20231005,allW D262V,nonexpressing,20231005.allW D262V,66,0.42500000000000004
20231005,allW D262V,nonexpressing,20231005.allW D262V,67,0.4125
20231005,allW D262V,nonexpressing,20231005.allW D262V,68,0.4
20231005,allW D262V,nonexpressing,20231005.allW D262V,69,0.375
20231005,allW D262V,nonexpressing,20231005.allW D262V,70,0.36250000000000004
20231005,allW D262V,nonexpressing,20231005.allW D262V,71,0.35
20231005,allW D262V,nonexpressing,20231005.allW D262V,72,0.35
20231005,allW D262V,nonexpressing,20231005.allW D262V,73,0.35
20231005,allW D262V,nonexpressing,20231005.allW D262V,74,0.35
20231005,allW D262V,nonexpressing,20231005.allW D262V,75,0.3375
20231005,allW D262V,nonexpressing,20231005.allW D262V,76,0.3375
20231005,allW D262V,nonexpressing,20231005.allW D262V,77,0.32499999999999996
20231005,allW D262V,nonexpressing,20231005.allW D262V,78,0.32499999999999996
20231005,allW D262V,nonexpressing,20231005.allW D262V,79,0.30000000000000004
20231005,allW D262V,nonexpressing,20231005.allW D262V,80,0.30000000000000004
20231005,allW D262V,nonexpressing,20231005.allW D262V,81,0.30000000000000004
20231005,allW D262V,nonexpressing,20231005.allW D262V,82,0.30000000000000004
20231005,allW D262V,nonexpressing,20231005.allW D262V,83,0.2875
20231005,allW D262V,nonexpressing,20231005.allW D262V,84,0.275
20231005,allW D262V,nonexpressing,20231005.allW D262V,85,0.26249999999999996
20231005,allW D262V,nonexpressing,20231005.allW D262V,86,0.26249999999999996
20231005,allW D262V,nonexpressing,20231005.allW D262V,87,0.26249999999999996
20231005,allW D262V,nonexpressing,20231005.allW D262V,88,0.26249999999999996
20231005,allW D262V,nonexpressing,20231005.allW D262V,89,0.25
20231005,allW D262V,nonexpressing,20231005.allW D262V,90,0.25
20231005,allW D262V,nonexpressing,20231005.allW D262V,91,0.21250000000000002
20231005,allW D262V,nonexpressing,20231005.allW D262V,92,0.21250000000000002
20231005,allW D262V,nonexpressing,20231005.allW D262V,93,0.21250000000000002
20231005,allW D262V,nonexpressing,20231005.allW D262V,94,0.21250000000000002
20231005,allW D262V,nonexpressing,20231005.allW D262V,95,0.1875
20231005,allW D262V,nonexpressing,20231005.allW D262V,96,0.1875
20231005,allW D262V,nonexpressing,20231005.allW D262V,97,0.1875
20231005,allW D262V,nonexpressing,20231005.allW D262V,98,0.16249999999999998
20231005,allW D262V,nonexpressing,20231005.allW D262V,99,0.16249999999999998
20231005,allW D262V,nonexpressing,20231005.allW D262V,100,0.16249999999999998
20231005,allW D262V,nonexpressing,20231005.allW D262V,101,0.15000000000000002
20231005,allW D262V,nonexpressing,20231005.allW D262V,102,0.15000000000000002
20231005,allW D262V,nonexpressing,20231005.allW D262V,103,0.15000000000000002
20231005,allW D262V,nonexpressing,20231005.allW D262V,104,0.15000000000000002
20231005,allW D262V,nonexpressing,20231005.allW D262V,105,0.13749999999999996
20231005,allW D262V,nonexpressing,20231005.allW D262V,106,0.13749999999999996
20231005,allW D262V,nonexpressing,20231005.allW D262V,107,0.11250000000000004
20231005,allW D262V,nonexpressing,20231005.allW D262V,108,0.11250000000000004
20231005,allW D262V,nonexpressing,20231005.allW D262V,109,0.11250000000000004
20231005,allW D262V,nonexpressing,20231005.allW D262V,110,0.09999999999999998
20231005,allW D262V,nonexpressing,20231005.allW D262V,111,0.09999999999999998
20231005,allW D262V,nonexpressing,20231005.allW D262V,112,0.09999999999999998
20231005,allW D262V,nonexpressing,20231005.allW D262V,113,0.08750000000000002
20231005,allW D262V,nonexpressing,20231005.allW D262V,114,0.0625
20231005,allW D262V,nonexpressing,20231005.allW D262V,115,0.050000000000000044
20231005,allW D262V,nonexpressing,20231005.allW D262V,116,0.03749999999999998
20231005,allW D262V,nonexpressing,20231005.allW D262V,117,0.03749999999999998
20231005,allW D262V,nonexpressing,20231005.allW D262V,118,0.03749999999999998
